name;streetAddress;postalCode;addressLocality;addressRegion;addressCountry;geo_latitude;geo_longitude;url
Bauernhof Steffen Kühne;Altomsewitz 2;1157;Dresden;Sachsen;Deutschland;51.057931;13.660733;https://hofladen.info/hofladen/bauernhof-steffen-kuhne
Holzers Hofladen;Kirchheimer Str. 87;73269;Hochdorf;Baden-Württemberg;Deutschland;48.690280;9.457840;https://hofladen.info/hofladen/holzers-hofladen
BERGHOF;Im Langenborn 8;63825;Schöllkrippen;Bayern;Deutschland;50.079000;9.240680;https://hofladen.info/hofladen/berghof
Direktvermarktung Siegfried Hoffmann;Im Dorfe 26a;99441;Kiliansroda;Thüringen;Deutschland;50.916020;11.371220;https://hofladen.info/hofladen/direktvermarktung-siegfried-hoffmann
Hofladen Rote Rübe;Kirchweg 1;34260;Niederkaufungen;Hessen;Deutschland;51.285430;9.601900;https://hofladen.info/hofladen/hofladen-rote-rube
Klostergut Heiningen;Gutshof 1 Klostergut Heiningen;38312;Heiningen;Niedersachsen;Deutschland;52.072560;10.555830;https://hofladen.info/hofladen/klostergut-heiningen
Hofladen Weixdorf;Pastor-Roller-Str. 42;01108;Dresden;Sachsen;Deutschland;51.151500;13.800414;https://hofladen.info/hofladen/hofladen-weixdorf
Hof Voigts;Große Straße 81;27313;Dörverden;Niedersachsen;Deutschland;52.853316;9.236074;https://hofladen.info/hofladen/hof-voigts
Highlanderhof Kiene;Alte Dorfstrasse  31;24321;Behrensdorf/Ostsee ;Schleswig-Holstein;Deutschland;54.349708;10.604576;https://hofladen.info/hofladen/highlanderhof-kiene
Hof Sülldorf;Salzblütenweg 18;39171;Sülldorf;Sachsen-Anhalt;Deutschland;52.025550;11.563146;https://hofladen.info/hofladen/hof-sulldorf
Die Dobbertiner;Schulstraße 17;19399;Dobbertin;Mecklenburg-Vorpommern;Deutschland;53.619925;12.062931;https://hofladen.info/hofladen/die-dobbertiner
Melchiorsgrund;Melchiorsgrund 1;36318;Schwalmtal;Hessen;Deutschland;50.691860;9.285830;https://hofladen.info/hofladen/melchiorsgrund
Hofgut Friedelhausen;Friedelhausen 2;35457;Lollar;Hessen;Deutschland;50.671496;8.711032;https://hofladen.info/hofladen/hofgut-friedelhausen
Spargelhof Kremmen;Groß-Ziethener Weg 2;16766;Kremmen;Brandenburg;Deutschland;52.755949;13.033614;https://hofladen.info/hofladen/spargelhof-kremmen
Hof Frien;Höfen 13;31600;Uchte;Niedersachsen;Deutschland;52.474333;8.908718;https://hofladen.info/hofladen/hof-frien
Hielscher Hof;Krähwinkel 4;42799;Leichlingen;Nordrhein-Westfalen;Deutschland;51.112954;7.100069;https://hofladen.info/hofladen/hielscher-hof
Hohenloher Ziegensalami;Hornungshof 3;74575;Schrozberg;Baden-Württemberg;Deutschland;49.354109;9.889160;https://hofladen.info/hofladen/hohenloher-ziegensalami
Feldwieser Hof;Schulstr.60;73441;Bopfingen-Oberdorf;Baden-Württemberg;Deutschland;48.874830;10.349810;https://hofladen.info/hofladen/feldwieser-hof
Direktvermarktung Gebhardt - Fisch - Fleisch - Forellenzucht;Schafgasse 9 Fisch - Fleisch - Forellenzucht;99820;Hörselberg-Hainich;Thüringen;Deutschland;50.944574;10.478939;https://hofladen.info/hofladen/direktvermarktung-gebhardt-fisch-fleisch-forellenzucht
Demeter Gärtnerei Sannmann;Ochsenwerder Norderdeich 50;21037;Hamburg;Hamburg;Deutschland;53.478580;10.095600;https://hofladen.info/hofladen/demeter-gartnerei-sannmann
Brunnenhof Bio-Geflügel;Hohe Straße 25;74653;Künzelsau;Baden-Württemberg;Deutschland;49.272957;9.778433;https://hofladen.info/hofladen/brunnenhof-bio-geflugel
Syringhof;Trebbiner Straße 69f;14547;Beelitz;Brandenburg;Deutschland;52.215990;13.060020;https://hofladen.info/hofladen/syringhof
Dexter Hof Tammert;Feldstraße 34;17498;Hinrichshagen;Mecklenburg-Vorpommern;Deutschland;54.078475;13.321329;https://hofladen.info/hofladen/dexter-hof-tammert
Bauers Hofladen;Klotzscher Straße 30;1465;Langebrück;Sachsen;Deutschland;51.132195;13.838638;https://hofladen.info/hofladen/bauers-hofladen
Heitlinger Geflügelhof;Im Zitterich 8;75031;Eppingen - Rohrbach;Baden-Württemberg;Deutschland;49.130372;8.854335;https://hofladen.info/hofladen/heitlinger-geflugelhof
Tenkhoff;Dattelner Straße 84;59399;Olfen;Nordrhein-Westfalen;Deutschland;51.682750;7.358720;https://hofladen.info/hofladen/tenkhoff
Spargelhof Niemann;Hauptstraße 7;29578;Eimke;Niedersachsen;Deutschland;52.941924;10.319269;https://hofladen.info/hofladen/spargelhof-niemann
Hofgut Kapellenhof;Auf dem alten Hof 1;63546;Hammersbach;Hessen;Deutschland;50.230160;8.948960;https://hofladen.info/hofladen/hofgut-kapellenhof
Hofladen Imkerii Söte Deern;Mitteldeich 1;25845;Nordstrand;Schleswig-Holstein;Deutschland;54.503140;8.816190;https://hofladen.info/hofladen/hofladen-imkerii-sote-deern
Pauls Spargel;Genholter Straße 30;41379;Brüggen;Nordrhein-Westfalen;Deutschland;51.258992;6.190120;https://hofladen.info/hofladen/pauls-spargel
Biohof Tacke;Kletziner Str. 1a;23972;Dorf Mecklenburg;Mecklenburg-Vorpommern;Deutschland;53.843240;11.474120;https://hofladen.info/hofladen/biohof-tacke
Jüttes Weidberg-Hof;Am Weidberg 1;34233;Fuldatal;Hessen;Deutschland;51.379280;9.499170;https://hofladen.info/hofladen/juttes-weidberg-hof
Steinbecker Hofladen;Dorfstraße 10;23948;Steinbeck;Mecklenburg-Vorpommern;Deutschland;53.996950;11.139390;https://hofladen.info/hofladen/steinbecker-hofladen
Leitzachtaler Ziegenhof;Sandbichl 2+4;83730;Fischbachau;Bayern;Deutschland;47.716190;11.945220;https://hofladen.info/hofladen/leitzachtaler-ziegenhof
Bergkäserei Bierssenhof;Wienackerstraße 25;33184;Altenbeken;Nordrhein-Westfalen;Deutschland;51.755400;8.936430;https://hofladen.info/hofladen/bergkaserei-bierssenhof
Hof Huxhardt;Huxhardt 1;58579;Schalksmühle;Nordrhein-Westfalen;Deutschland;51.254640;7.508230;https://hofladen.info/hofladen/hof-huxhardt
Schümannhof;Kreuzweg 1;25364;Brande;Niedersachsen;Deutschland;53.849510;9.719680;https://hofladen.info/hofladen/schumannhof
Baumbachhof;Baumbachweg 9;75438;Kleinvillars;Baden-Württemberg;Deutschland;48.998660;8.747750;https://hofladen.info/hofladen/baumbachhof
Dorfkäserei Geifertshofen;Bachstraße 2;74426;Bühlerzell;Baden-Württemberg;Deutschland;49.007451;9.894228;https://hofladen.info/hofladen/dorfkaserei-geifertshofen
Zeiselbacherhof;Hirschhornring 53;67435;Neustadt an der Weinstraße;Rheinland-Pfalz;Deutschland;49.387550;8.157910;https://hofladen.info/hofladen/zeiselbacherhof
Maries Ziegen- und Schafhof;Büdinger Straße 10;66663;Merzig-Silwingen;Saarland;Deutschland;49.424450;6.569630;https://hofladen.info/hofladen/maries-ziegen-und-schafhof
Hof Nuttelmann;Sarninghausen 3;31595;Steyerberg;Niedersachsen;Deutschland;52.569350;8.997290;https://hofladen.info/hofladen/hof-nuttelmann
Agrargesellschaft Chemnitz;Gartenstraße 1;17039;Chemnitz;Mecklenburg-Vorpommern;Deutschland;53.582020;13.157340;https://hofladen.info/hofladen/agrargesellschaft-chemnitz
Obsthof Schröder;Hinterbrack 6 ;21635;Jork;Niedersachsen;Deutschland;53.545770;9.762280;https://hofladen.info/hofladen/obsthof-schroder
Blumenstock;Eichwasen 1;74599;Wallhausen - Roßbürg;Baden-Württemberg;Deutschland;49.231591;10.083663;https://hofladen.info/hofladen/blumenstock
Bauernhof Franz;Dorfstraße 12;1156;Dresden;Sachsen;Deutschland;51.094630;13.642750;https://hofladen.info/hofladen/bauernhof-franz
Biohof Ottilie;Ort 19 ;21720;Mittelnkirchen;Niedersachsen;Deutschland;53.560390;9.610800;https://hofladen.info/hofladen/biohof-ottilie
Gut Wilhelmsdorf;Verler Straße 248;33689;Bielefeld;Nordrhein-Westfalen;Deutschland;51.925860;8.552270;https://hofladen.info/hofladen/gut-wilhelmsdorf
Hof Sonnenberg;Hof Sonnenberg;63619;Bad Orb;Hessen;Deutschland;50.241880;9.327050;https://hofladen.info/hofladen/hof-sonnenberg
Werner - Der Spargelhof;Kirchweg 6;21717;Deinste;Niedersachsen;Deutschland;53.522434;9.443105;https://hofladen.info/hofladen/werner-der-spargelhof
Hagenester Hofladen;Hagenest 38;4565;Regis-Breitingen;Sachsen;Deutschland;51.087954;12.357775;https://hofladen.info/hofladen/hagenester-hofladen
Inselkäserei Usedom;Welzin 30;17406;Usedom;Mecklenburg-Vorpommern;Deutschland;53.852206;13.963268;https://hofladen.info/hofladen/inselkaserei-usedom
Spargelhof Thiermann;Scharringhausen 23;27245;Kirchdorf;Niedersachsen;Deutschland;52.588828;8.805433;https://hofladen.info/hofladen/spargelhof-thiermann
Meyer's Hof;Burgdorfer Str. 38;31303;Burgdorf;Niedersachsen;Deutschland;52.485300;10.008560;https://hofladen.info/hofladen/meyer-s-hof
Spargelhof Strampe;Lüneburger Landstr. 1 a;21398;Neetze;Niedersachsen;Deutschland;53.264790;10.623445;https://hofladen.info/hofladen/spargelhof-strampe
Spargelhof Kisters;Kevelaerer Str. 6;47608;Geldern;Nordrhein-Westfalen;Deutschland;51.498682;6.243799;https://hofladen.info/hofladen/spargelhof-kisters
Steinkrögers Hofladen;Nordfeldweg 32;33659;Bielefeld;Nordrhein-Westfalen;Deutschland;51.963506;8.511991;https://hofladen.info/hofladen/steinkrogers-hofladen
Hof Schünemann;Barmer Kirchweg 3;27313;Dörverden;Niedersachsen;Deutschland;52.835260;9.205200;https://hofladen.info/hofladen/hof-schunemann
Jagsttalranch;Großforst 5;74582;Gerabronn-Großforst;Baden-Württemberg;Deutschland;49.225063;9.878575;https://hofladen.info/hofladen/jagsttalranch
Forellengut Rosengarten;Untere Neumühle 48-57;54441;Trassem;Rheinland-Pfalz;Deutschland;49.565513;6.522870;https://hofladen.info/hofladen/forellengut-rosengarten
Neuenhof;Niederdorfer-Str. 85;47638;Straelen;Nordrhein-Westfalen;Deutschland;51.381766;6.221779;https://hofladen.info/hofladen/neuenhof
Büffelhof Steinwand;Schalmenhagweg 4;72172;Sulz-Dürrenmettstetten;Baden-Württemberg;Deutschland;48.386010;8.577660;https://hofladen.info/hofladen/buffelhof-steinwand
Biolandhof Schulze Wethmar;Waldweg 3;44534;Lünen;Nordrhein-Westfalen;Deutschland;51.623910;7.558530;https://hofladen.info/hofladen/biolandhof-schulze-wethmar
Forellenparadies Weinberger;Frohnfalls 51;74535;Mainhardt;Baden-Württemberg;Deutschland;49.126214;9.552006;https://hofladen.info/hofladen/forellenparadies-weinberger
Gut Wulksfelde;Wulksfelder Damm 15-17;22889;Tangstedt;Niedersachsen;Deutschland;53.717814;10.111642;https://hofladen.info/hofladen/gut-wulksfelde
Schöngarten;Schöngartenstrasse, 16;88131;Lindau;Bayern;Deutschland;47.561410;9.687040;https://hofladen.info/hofladen/schongarten
Spargel- und Erdbeerhof Nuttelmann;Sarninghausen 3;31595;Steyerberg;Niedersachsen;Deutschland;52.569350;8.997290;https://hofladen.info/hofladen/spargel-und-erdbeerhof-nuttelmann
Zürkers Hofladen & Hofschänke;Neustadter Str. 14;67373;Dudenhofen;Rheinland-Pfalz;Deutschland;49.317161;8.389695;https://hofladen.info/hofladen/zurkers-hofladen-hofschanke
Obsthof Hornemann;Am Schachtteich 1;39171;Sülzetal;Sachsen-Anhalt;Deutschland;52.009500;11.513450;https://hofladen.info/hofladen/obsthof-hornemann
Spargelhof Elsholz;Bahnhofsweg 2a;14547;Beelitz;Brandenburg;Deutschland;52.204491;12.952337;https://hofladen.info/hofladen/spargelhof-elsholz
Landmetzgerei Sandritter;Schatzgrundhof 1 20;69168;Wiesloch-Baiertal;Baden-Württemberg;Deutschland;49.294898;8.758030;https://hofladen.info/hofladen/landmetzgerei-sandritter
Weinbau Ruser;Sodgasse 7;79539;Lörrach;Baden-Württemberg;Deutschland;47.603198;7.644787;https://hofladen.info/hofladen/weinbau-ruser
Rainer Audehm;Dorfstraße 14;29643;Neuenkirchen-Tewel;Niedersachsen;Deutschland;53.066375;9.663100;https://hofladen.info/hofladen/rainer-audehm
Schlohs Spargelhof;Viehweg 7;27367;Hellwege;Niedersachsen;Deutschland;53.074460;9.239720;https://hofladen.info/hofladen/schlohs-spargelhof
Bio Ranch Zempow;Birkenallee 12;16909;Wittstock;Brandenburg;Deutschland;53.212705;12.728837;https://hofladen.info/hofladen/bio-ranch-zempow
Milchschafhof Jauernik;Am Steg 1;74626;Bretzfeld;Baden-Württemberg;Deutschland;49.202520;9.430850;https://hofladen.info/hofladen/milchschafhof-jauernik
Hofgut Hohenwald;Oberurseler Str. 69;61476;Kronberg im Taunus;Hessen;Deutschland;50.183720;8.548840;https://hofladen.info/hofladen/hofgut-hohenwald
Hofladen Falkensee;Dallgower Straße 1;14624;Dallgow-Döberitz;Brandenburg;Deutschland;52.544070;13.091080;https://hofladen.info/hofladen/hofladen-falkensee
Huxhardter Milchhäusel am Stöcken;Stöcken 1;58339;Breckerfeld;Nordrhein-Westfalen;Deutschland;51.260390;7.506750;https://hofladen.info/hofladen/huxhardter-milchhausel-am-stocken
Frischehof Döpke;Friesoyther Str. 1;49681;Garrel;Niedersachsen;Deutschland;52.885329;8.015192;https://hofladen.info/hofladen/frischehof-dopke
Frischmilchautomat Van der Ham;Feldstraße 2;17207;Bollewick;Mecklenburg-Vorpommern;Deutschland;53.358670;12.582100;https://hofladen.info/hofladen/frischmilchautomat-van-der-ham
Rattstadter Milch- und Käsehof;Haldenstraße 2/1;73479;Ellwangen;Baden-Württemberg;Deutschland;48.975580;10.168520;https://hofladen.info/hofladen/rattstadter-milch-und-kasehof
Hofladen Reinstorf;Hauptstraße 9;23992;Zurow;Mecklenburg-Vorpommern;Deutschland;53.847741;11.640754;https://hofladen.info/hofladen/hofladen-reinstorf
Vulkanhof Ziegenkäserei;Vulkanstr. 29;54558;Gillenfeld;Rheinland-Pfalz;Deutschland;50.128380;6.914380;https://hofladen.info/hofladen/vulkanhof-ziegenkaserei
Garlipp-Spargel ;Schelldorfer Dorfstr. 43 ;39517;Tangerhütte;Sachsen-Anhalt;Deutschland;52.474140;11.980210;https://hofladen.info/hofladen/garlipp-spargel
Hofladen und Hofcafe Dahmen;Dorfstraße 2;17166;Dahmen;Mecklenburg-Vorpommern;Deutschland;53.662510;12.612810;https://hofladen.info/hofladen/hofladen-und-hofcafe-dahmen
Hofladen am Westerwald ;Ershäuserstraße 10;37308;Schimberg;Thüringen;Deutschland;51.285030;10.180178;https://hofladen.info/hofladen/hofladen-am-westerwald
KEKILA Fruchtsäfte;Grüne Aue 18;02708;Lawalde-Lauba;Sachsen;Deutschland;51.080022;14.576125;https://hofladen.info/hofladen/kekila-fruchtsafte
Weingut Borth;Unterheimbacher Str. 35;74626;Bretzfeld;Baden-Württemberg;Deutschland;49.163680;9.451323;https://hofladen.info/hofladen/weingut-borth
Naturhof Kevelaer;Altwettener-Weg 12;47625;Kevelaer;Nordrhein-Westfalen;Deutschland;51.582060;6.299348;https://hofladen.info/hofladen/naturhof-kevelaer
Sulzburghof Kuch;Max Leuze Str. 10-16;73252;Lenningen;Baden-Württemberg;Deutschland;48.564590;9.454760;https://hofladen.info/hofladen/sulzburghof-kuch
Hofladen Jopp;Im Kornfeld 9;71696;Möglingen;Baden-Württemberg;Deutschland;48.867730;9.136200;https://hofladen.info/hofladen/hofladen-jopp
Obsthof Ramdohr;Hollernstr. 156;21723;Hollern-Twielenfleth;Niedersachsen;Deutschland;53.602760;9.529760;https://hofladen.info/hofladen/obsthof-ramdohr
Körners Hofladen GbR;Herrgottsruhstr. 4 ;86316 ;Friedberg;Bayern;Deutschland;48.355538;10.985889;https://hofladen.info/hofladen/korners-hofladen-gbr
Imkerei Mader;Hauptstrasse 65;78315;Radolfzell;Baden-Württemberg;Deutschland;47.783798;8.972409;https://hofladen.info/hofladen/imkerei-mader
Selbsterntefeld Gut Vockrath;Gut Vockrath  (Vockrather Weg);41472;Neuss;Nordrhein-Westfalen;Deutschland;51.153024;6.639175;https://hofladen.info/hofladen/selbsterntefeld-gut-vockrath
Landgut Klamroth;Westerhäuser Schützenplatz 1;6502;Thale;Sachsen-Anhalt;Deutschland;51.810460;11.060040;https://hofladen.info/hofladen/landgut-klamroth
Wild- und Wurstdelikatessen aus Franken;An der Steige 7;97892;Kreuzwertheim;Bayern;Deutschland;49.768010;9.517100;https://hofladen.info/hofladen/wild-und-wurstdelikatessen-aus-franken
Alpakahof am Iserberg;Dorfstraße 10;23936;Hamberge;Mecklenburg-Vorpommern;Deutschland;53.874270;11.237830;https://hofladen.info/hofladen/alpakahof-am-iserberg
Täler-Straußenfarm Hellborn;Hellborn 29;07646;Renthendorf;Thüringen;Deutschland;50.814064;11.872508;https://hofladen.info/hofladen/taler-strau%C3%9Fenfarm-hellborn
Frischmilchautomat im E-Center Rostock;Rigaer Str. 5;18107;Rostock;Mecklenburg-Vorpommern;Deutschland;54.139210;12.059170;https://hofladen.info/hofladen/frischmilchautomat-im-e-center-rostock
Hof große Beilage;Auf der Beilage 2;49632;Essen (Oldenburg);Niedersachsen;Deutschland;52.708340;7.956270;https://hofladen.info/hofladen/hof-gro%C3%9Fe-beilage
Gutshof Kraatz;Schloßstraße 7;17291;Nordwestuckermark;Brandenburg;Deutschland;53.390344;13.666446;https://hofladen.info/hofladen/gutshof-kraatz
Hofmetzgerei Müller;An der Zeiße 16;86695;Nordendorf;Bayern;Deutschland;48.584372;10.822757;https://hofladen.info/hofladen/hofmetzgerei-muller
Bredemeier Bauernlädchen;Borsteler Strasse 1 ;31749;Auetal;Niedersachsen;Deutschland;52.231840;9.184670;https://hofladen.info/hofladen/bredemeier-bauernladchen
Scheeper Phil;Wenddorf 11;23749;Grube i.H.;Schleswig-Holstein;Deutschland;54.234559;11.037657;https://hofladen.info/hofladen/scheeper-phil
Hofladen Backensholz;Schwabstedter Damm 10;25885;Oster-Ohrstedt;Schleswig-Holstein;Deutschland;54.498840;9.277374;https://hofladen.info/hofladen/hofladen-backensholz
Imkerei T. Brand;Kramerstr. 23;74626;Bretzfeld-Bitzfeld;Baden-Württemberg;Deutschland;49.186453;9.450892;https://hofladen.info/hofladen/imkerei-t-brand
Landmarkt Wey;Wey 64 (direkt am Kreisverkehr);41363;Jüchen;Nordrhein-Westfalen;Deutschland;51.134413;6.503584;https://hofladen.info/hofladen/landmarkt-wey
Krewelshof Eifel;Krewelshof 1;53894;Mechernich;Nordrhein-Westfalen;Deutschland;50.641824;6.697666;https://hofladen.info/hofladen/krewelshof-eifel
Obstbau & Brennerei Ickert;Neuensteiner Steige 5;74613;Öhringen;Baden-Württemberg;Deutschland;49.178046;9.556580;https://hofladen.info/hofladen/obstbau-brennerei-ickert
Schultzens Siedlerhof;Karl-Liebknecht-Straße 17;14542;Werder (Havel);Brandenburg;Deutschland;52.348176;12.883078;https://hofladen.info/hofladen/schultzens-siedlerhof
Hofladen Medewege;Hauptstraße 16;19055;Schwerin;Mecklenburg-Vorpommern;Deutschland;53.660480;11.398680;https://hofladen.info/hofladen/hofladen-medewege
Herrmanns Hof ;Dorfstr. 22 ;06184;Kabelsketal;Sachsen-Anhalt;Deutschland;51.417739;12.145561;https://hofladen.info/hofladen/herrmanns-hof
Uwe Wendt;Königsbrücker StR.69 69;01917;Kamenz;Sachsen;Deutschland;51.275098;14.079914;https://hofladen.info/hofladen/uwe-wendt
Geflügelhof Ludwig;Kleinhegnach 18;71336;Waiblingen;Baden-Württemberg;Deutschland;48.846227;9.305434;https://hofladen.info/hofladen/geflugelhof-ludwig
Oderbruch Hof;Rathstocker Str. 6;15328;Alt Tucheband;Brandenburg;Deutschland;52.537160;14.513660;https://hofladen.info/hofladen/oderbruch-hof
Langenburger Schafkäserei;Breberweg 2;74595;Langenburg;Baden-Württemberg;Deutschland;49.241670;9.861280;https://hofladen.info/hofladen/langenburger-schafkaserei
Limousinhof Klemm;Hauptstrasse 70A;1762;Hartmannsdorf;Sachsen;Deutschland;50.886638;12.800979;https://hofladen.info/hofladen/limousinhof-klemm
Hildinger Honig;Schwarzbronn 11;97993;Creglingen;Baden-Württemberg;Deutschland;49.471439;10.029969;https://hofladen.info/hofladen/hildinger-honig
Früchtehof Schindler;Warpe 21;27333;Warpe;Niedersachsen;Deutschland;52.735900;9.110730;https://hofladen.info/hofladen/fruchtehof-schindler
Kartoffellandhof - Siethen;Ebereschenallee 4;14974 ;Ludwigsfelde ;Brandenburg;Deutschland;52.283243;13.212601;https://hofladen.info/hofladen/kartoffellandhof-siethen
Straupitzer Mühlenshop;Laasower Str.11a;15913;Straupitz;Brandenburg;Deutschland;51.915871;14.127036;https://hofladen.info/hofladen/straupitzer-muhlenshop
Glinder Ziegenhof ;Dorfstraße 80 ;39249;Glinde;Sachsen-Anhalt;Deutschland;52.009070;11.848790;https://hofladen.info/hofladen/glinder-ziegenhof
Gemüsewerkstatt Grünschnabel;Schenkstraße 37 OT Cobstädt;99869;Drei Gleichen;Thüringen;Deutschland;50.922450;10.835930;https://hofladen.info/hofladen/gemusewerkstatt-grunschnabel
 Bubenorbiser Dorfladen;Dorfmitte 7;74535;Mainhardt;Baden-Württemberg;Deutschland;49.084710;9.612530;https://hofladen.info/hofladen/bubenorbiser-dorfladen
Knospenhof;Bergstraße 8;54317;Herl;Rheinland-Pfalz;Deutschland;49.731270;6.823390;https://hofladen.info/hofladen/knospenhof
Hofladen Meßthaler Obererlbach;Juchhöhweg 15 Meßthaler;91729;Haundorf;Bayern;Deutschland;49.183889;10.823988;https://hofladen.info/hofladen/hofladen-me%C3%9Fthaler-obererlbach
Spargelhof Giese;Blumenweg 5;16230;Sydower Fließ;Brandenburg;Deutschland;52.707654;13.721401;https://hofladen.info/hofladen/spargelhof-giese
Spargelhof Buchholz;Röddenser Dorfstr. 4;31275;Lehrte;Niedersachsen;Deutschland;52.416120;9.980210;https://hofladen.info/hofladen/spargelhof-buchholz
Erdbeerparadies Krähenwinkel;Hainhäuser Weg 60 Ecke Sportplatzweg ;30855;Langenhagen;Niedersachsen;Deutschland;52.473429;9.740839;https://hofladen.info/hofladen/erdbeerparadies-krahenwinkel
Mühlenbach Hofladen;Gottschalskmühlenweg 22;56637 ;Plaidt ;Rheinland-Pfalz;Deutschland;50.382843;7.384645;https://hofladen.info/hofladen/muhlenbach-hofladen
Däuber´s Hof;Langenburger Str. 2;74542;Braunsbach;Baden-Württemberg;Deutschland;49.220910;9.795140;https://hofladen.info/hofladen/dauber%C2%B4s-hof
Reutebachhof;Reutebachhof 1;74426;Geifertshofen;Baden-Württemberg;Deutschland;49.004420;9.884840;https://hofladen.info/hofladen/reutebachhof
Der kleine Hofladen in Alt-Sammit  bei Krakow am See;Lindenstrasse 37 OT ALT-SAMMIT;18292;Krakow am See,OT Alt-Sammit ;Mecklenburg-Vorpommern;Deutschland;53.644563;12.228584;https://hofladen.info/hofladen/der-kleine-hofladen-in-alt-sammit-bei-krakow-am-see
Allgäu GUSTO;Schochenhof 28;87724;Ottobeuren;Bayern;Deutschland;47.920499;10.350594;https://hofladen.info/hofladen/allgau-gusto
Imkerei Voigthof;Paulmannshavekost 2b;29358;Eicklingen;Niedersachsen;Deutschland;52.542336;10.230992;https://hofladen.info/hofladen/imkerei-voigthof
Bernhard Kerkmann;Endelner Weg 205;46286;Dorsten;Nordrhein-Westfalen;Deutschland;51.751410;6.971030;https://hofladen.info/hofladen/bernhard-kerkmann
Hofladen Austermann;Neuwarendorf 24;48231;Warendorf;Nordrhein-Westfalen;Deutschland;51.958720;7.948890;https://hofladen.info/hofladen/hofladen-austermann
Straussenfarm Hegau-Bodensee;Airach 3 ;78333;Stockach;Baden-Württemberg;Deutschland;47.845420;9.037100;https://hofladen.info/hofladen/straussenfarm-hegau-bodensee
Heumis Hof;Iglinger Straße 48;86857;Hurlach;Bayern;Deutschland;48.110640;10.816780;https://hofladen.info/hofladen/heumis-hof
Imker Marchel Reetz;Henkinshainer Weg 24;17268;Templin;Brandenburg;Deutschland;53.156978;13.626995;https://hofladen.info/hofladen/imker-marchel-reetz
Schloß Föhren;Hofstrasse 27;54343 ;Föhren;Rheinland-Pfalz;Deutschland;49.861210;6.766830;https://hofladen.info/hofladen/schlo%C3%9F-fohren
Imkerei Honigbüchse;Alter Grenzweg 19;29614;Soltau;Niedersachsen;Deutschland;52.976666;9.828950;https://hofladen.info/hofladen/imkerei-honigbuchse
Rokitta's Kaffeemanufaktur;Gremersdorfer Str. 7;18461;Gremersdorf-Buchholz;Mecklenburg-Vorpommern;Deutschland;54.129832;12.883409;https://hofladen.info/hofladen/rokitta-s-kaffeemanufaktur
Rixmanns Hof;Nauener Str. 23 a;16833;Linum;Brandenburg;Deutschland;52.758870;12.875300;https://hofladen.info/hofladen/rixmanns-hof
Winzerhof Gussek ;Kösener Straße 66 ;6618;Naumburg;Sachsen-Anhalt;Deutschland;51.151460;11.787502;https://hofladen.info/hofladen/winzerhof-gussek
Bühlertal Alpakas GbR ;Geifertshofer Str. 19 19;74426;Bühlerzell;Baden-Württemberg;Deutschland;49.002686;9.915206;https://hofladen.info/hofladen/buhlertal-alpakas-gbr
Mannschreck Weine Vinomat 24/7 (Weinautomat);Hauptstraße 80;71384;Weinstadt ;Baden-Württemberg;Deutschland;48.785050;9.364758;https://hofladen.info/hofladen/mannschreck-weine-vinomat-24-7-weinautomat
Lütte Meierie Hofladen & CafÃ©;Dorfstraße 5;17237;Kratzeburg;Mecklenburg-Vorpommern;Deutschland;53.429532;12.946220;https://hofladen.info/hofladen/lutte-meierie-hofladen-cafa%C2%A9
SoLaWi Hofladen;Weberstraße 37;28203;Bremen;Niedersachsen;Deutschland;53.071759;8.821789;https://hofladen.info/hofladen/solawi-hofladen
CHRISTHOF - Das Milchhäusle;Weipertshofer Straße;74597;Stimpfach;Baden-Württemberg;Deutschland;49.051584;10.140009;https://hofladen.info/hofladen/christhof-das-milchhausle
Stautenhof;Darderhöfe 1a;47877 ;Willich;Nordrhein-Westfalen;Deutschland;51.282524;6.472568;https://hofladen.info/hofladen/stautenhof
Allgäu Hof Müller;Am Floschen 2;88410;Bad Wurzach;Baden-Württemberg;Deutschland;47.873240;9.955160;https://hofladen.info/hofladen/allgau-hof-muller
Becker´s Hofladen;Amtmännerwiesen Gewann 5;76199;Karlruhe;Baden-Württemberg;Deutschland;48.964444;8.389167;https://hofladen.info/hofladen/becker%C2%B4s-hofladen
Eierhüttle;Obermaibach;74535;Mainhardt;Baden-Württemberg;Deutschland;49.078054;9.557513;https://hofladen.info/hofladen/eierhuttle
Pflanzenmarkt und Hofladen Hesse ;Calenberger Dorfstraße 1a ;39114;Magdeburg;Sachsen-Anhalt;Deutschland;52.065290;11.739470;https://hofladen.info/hofladen/pflanzenmarkt-und-hofladen-hesse
Weingut Braun;Scheuerntorstr. 20;97980;Bad Mergentheim;Baden-Württemberg;Deutschland;49.475000;9.830821;https://hofladen.info/hofladen/weingut-braun
Stendaler Scheunenladen ;Osterburger Str. 63 ;39576;Stendal;Sachsen-Anhalt;Deutschland;52.620160;11.845290;https://hofladen.info/hofladen/stendaler-scheunenladen
Düsselauenhonig Jeremias Bruker;Unter den Eichen 31;40625;Düsseldorf;Nordrhein-Westfalen;Deutschland;51.232923;6.857636;https://hofladen.info/hofladen/dusselauenhonig-jeremias-bruker
Paulbauernhof;Gausburg 47;83416;Saaldorf-Surheim;Bayern;Deutschland;47.892710;12.945100;https://hofladen.info/hofladen/paulbauernhof
Eichhälderhof Lädle GbR;Eichhälderhof 1;75203;Königsbach-Stein;Baden-Württemberg;Deutschland;48.980549;8.595723;https://hofladen.info/hofladen/eichhalderhof-ladle-gbr
Diet's Honigscheune;Neuschönburger Straße 10b;8132;Mülsen;Sachsen;Deutschland;50.708357;12.624207;https://hofladen.info/hofladen/diet-s-honigscheune-imkerei-dieter-scharf
Hofladen Bähr;Dorfstraße 25a;99334;Rehestädt;Thüringen;Deutschland;50.870130;10.925100;https://hofladen.info/hofladen/hofladen-bahr
Templiner Landprodukte;Lychener Str. 28;17268;Templin;Brandenburg;Deutschland;53.127410;13.486662;https://hofladen.info/hofladen/templiner-landprodukte
Fischerhof am Kerner See ;Am Kernersee 3 ;6317;Seegebiet Mansfelder Land;Sachsen-Anhalt;Deutschland;51.480126;11.740843;https://hofladen.info/hofladen/fischerhof-am-kerner-see
Naturhof Engel;Schönnbronn 4;74426;Bühlerzell-Schönbronn;Baden-Württemberg;Deutschland;48.986320;9.954682;https://hofladen.info/hofladen/naturhof-engel
Familie Dangel;Dangelhof 1;89174;Altheim/Alb;Baden-Württemberg;Deutschland;48.570701;10.024990;https://hofladen.info/hofladen/familie-dangel
Heimatladen Niederrhein;Jakob-Funke-Str. 1;45127;Essen;Nordrhein-Westfalen;Deutschland;51.460945;7.004834;https://hofladen.info/hofladen/heimatladen-niederrhein
Hainich Hofladen;An der Leuba 118;9322;Penig;Sachsen;Deutschland;50.970190;12.678700;https://hofladen.info/hofladen/hainich-hofladen
Talhof;Talhof 1;89522;Heidenheim;Baden-Württemberg;Deutschland;48.671860;10.131610;https://hofladen.info/hofladen/talhof
Hof Blohme;Hagener Str. 3;27299;Langwedel;Niedersachsen;Deutschland;52.980262;9.113882;https://hofladen.info/hofladen/hof-blohme
Hofladen Rühl;Hofgasse 21;36329 ;Romrod;Hessen;Deutschland;50.728756;9.195859;https://hofladen.info/hofladen/hofladen-ruhl
Gabis Gemüsestodl;Großreuther Straße 103;90425 ;Nürnberg;Bayern;Deutschland;49.474988;11.084336;https://hofladen.info/hofladen/gabis-gemusestodl
Hofladen Frank GbR;Steinbacher Weg 35;74653;Künzelsau;Baden-Württemberg;Deutschland;49.287300;9.709260;https://hofladen.info/hofladen/hofladen-frank-gbr
Obsthof Wenz;Obsthof 1 Gewann Rotebusch;76327;Pfinztal;Baden-Württemberg;Deutschland;48.985233;8.527893;https://hofladen.info/hofladen/obsthof-wenz
Schäferhof Seb & Karla Schäfer;Rehbergstr. 63;51709;Marienheide;Nordrhein-Westfalen;Deutschland;51.088220;7.515640;https://hofladen.info/hofladen/schaferhof-seb-karla-schafer
Käsehof  Biss;Hofkamp;24326;Dersau;Schleswig-Holstein;Deutschland;54.126235;10.311770;https://hofladen.info/hofladen/kasehof-biss
Frischmilchautomat im Edeka Groth;Kühlhausberg 7;17235;Neustrelitz;Mecklenburg-Vorpommern;Deutschland;53.347520;13.079745;https://hofladen.info/hofladen/frischmilchautomat-im-edeka-groth
Dithmarscher Gänsemarkt;Hauptstraße 1;25693;Gudendorf;Schleswig-Holstein;Deutschland;54.018667;9.111539;https://hofladen.info/hofladen/dithmarscher-gansemarkt
Biohofladen Zwei Eichen;Grenzweg 32 ;29699 ;Bomlitz ;Niedersachsen;Deutschland;52.900081;9.601086;https://hofladen.info/hofladen/biohofladen-zwei-eichen
Forellenzucht Hoch-Spessart;;97840;Erlenfurt;Bayern;Deutschland;49.945600;9.478170;https://hofladen.info/hofladen/forellenzucht-hoch-spessart
Kedenburgs Schweinerei;Hintzendorf-Stellenfelde 45;28870;Ottersberg;Niedersachsen;Deutschland;53.035620;9.186980;https://hofladen.info/hofladen/kedenburgs-schweinerei
Landgut Nemt;Am Wachtelberg 18;4808;Wurzen;Sachsen;Deutschland;51.351640;12.733780;https://hofladen.info/hofladen/landgut-nemt
Hofladen Gut Temmen;Lindenallee 3;17268;Temmen;Brandenburg;Deutschland;53.095640;13.754280;https://hofladen.info/hofladen/hofladen-gut-temmen
Hofladen Gerbitz;Hauptstraße 17;6429;Nienburg/Saale;Sachsen-Anhalt;Deutschland;51.841606;11.826253;https://hofladen.info/hofladen/hofladen-gerbitz
Landmetzgerei Wieland;Dürrnast 4;74535;Mainhardt;Baden-Württemberg;Deutschland;49.113162;9.566831;https://hofladen.info/hofladen/landmetzgerei-wieland
Honigfrau von Waldenau - Imkerei;Datumer Chaussee 139;25421;Pinneberg;Schleswig-Holstein;Deutschland;53.633062;9.798119;https://hofladen.info/hofladen/honigfrau-von-waldenau-imkerei
Naturhof Scherhag;Hauptstraße 84;56332;Dieblich/Mosel;Rheinland-Pfalz;Deutschland;50.315913;7.473606;https://hofladen.info/hofladen/naturhof-scherhag
Spargel- & Erdbeerhof Hirsch;Oberach 2;65468;Trebur;Rheinland-Pfalz;Deutschland;49.922059;8.436438;https://hofladen.info/hofladen/spargel-erdbeerhof-hirsch
Biohof Klügel;Deubener Weg 30;01705;Freital;Sachsen;Deutschland;50.997018;13.615762;https://hofladen.info/hofladen/biohof-klugel
Spargelhof Meyer;Dorfstraße 46;31592;Stolzenau;Niedersachsen;Deutschland;52.520720;9.056910;https://hofladen.info/hofladen/spargelhof-meyer
Chilli Manufaktur Lüneburger Heide;Dannhorn 5a;29614;Soltau;Niedersachsen;Deutschland;52.957316;9.819601;https://hofladen.info/hofladen/chilli-manufaktur-luneburger-heide
Kolvenbacher Ziegenhof;Konradgasse 1;53902;Bad Münstereifel;Nordrhein-Westfalen;Deutschland;50.532950;6.750760;https://hofladen.info/hofladen/kolvenbacher-ziegenhof
Rahlf;Mehrower Dorfstraße 1;16356;Ahrensfelde;Brandenburg;Deutschland;52.570797;13.614465;https://hofladen.info/hofladen/rahlf
Täler Straussenfarm;Hellborn 29;07646;Renthendorf;Thüringen;Deutschland;50.814862;11.867233;https://hofladen.info/hofladen/taler-straussenfarm
Weihersmühle;Weihersweg 27;97650;Fladungen;Bayern;Deutschland;50.524478;10.124708;https://hofladen.info/hofladen/weihersmuhle
Fahner Frucht;Große Hecke 2;99100;Gierstädt;Thüringen;Deutschland;51.043501;10.824788;https://hofladen.info/hofladen/fahner-frucht
Hofladen Schloß Eichicht ;Schloßstraße 1;07338;Kaulsdorf ;Thüringen;Deutschland;50.607902;11.440252;https://hofladen.info/hofladen/hofladen-schlo%C3%9F-eichicht
Geflügelhof Janshen;Moselweg 11;54552 ;Ellscheid;Rheinland-Pfalz;Deutschland;50.147611;6.918249;https://hofladen.info/hofladen/geflugelhof-janshen
Waldhof Bruchmühle;Bruchmühle 1;17213;Fünfseen;Mecklenburg-Vorpommern;Deutschland;53.440210;12.389040;https://hofladen.info/hofladen/waldhof-bruchmuhle
Lädle;Riegenhof 4;74535;Mainhardt;Baden-Württemberg;Deutschland;49.078014;9.571451;https://hofladen.info/hofladen/ladle
Hofladen Späth;Späthstraße 80/81;12437;Berlin;Brandenburg;Deutschland;52.454336;13.473725;https://hofladen.info/hofladen/hofladen-spath
Bioland-Imkerei Lahres;Am Gutshof 3;15345;Garzau-Garzin;Brandenburg;Deutschland;52.534382;13.944537;https://hofladen.info/hofladen/bioland-imkerei-lahres
Bornwiesenhof;Hußweilerstraße 40;55767;Wilzenberg-Hußweiler;Rheinland-Pfalz;Deutschland;49.701750;7.227790;https://hofladen.info/hofladen/bornwiesenhof
Föhrer Inselkäse;Hauptstraße 9;25938;Alkersum;Schleswig-Holstein;Deutschland;54.708690;8.507300;https://hofladen.info/hofladen/fohrer-inselkase
Moosbeerhütte;Kötnerende 11;29690;Gilten;Niedersachsen;Deutschland;52.706801;9.531181;https://hofladen.info/hofladen/moosbeerhutte
Jahnkes Ziegenkäse;See-Ender-Str. 6 ;24966;Sörup;Schleswig-Holstein;Deutschland;54.705650;9.634700;https://hofladen.info/hofladen/jahnkes-ziegenkase
Kartoffelhof Moorschlatt;Wildeshauser Landstraße 103;27777;Ganderkesee;Niedersachsen;Deutschland;52.975449;8.523530;https://hofladen.info/hofladen/kartoffelhof-moorschlatt
Erlebnis-Bauernhof Kliewe;Mursewiek 1;18569;Ummanz;Mecklenburg-Vorpommern;Deutschland;54.447990;13.184650;https://hofladen.info/hofladen/erlebnis-bauernhof-kliewe
Weingut Hanke ;Alte Schweinitzer Straße 80 ;6917;Jessen;Sachsen-Anhalt;Deutschland;51.792601;12.978791;https://hofladen.info/hofladen/weingut-hanke
Imkerei Tietjen;Schulstrasse 6;27419 ;Klein Meckelsen;Niedersachsen;Deutschland;53.305801;9.451901;https://hofladen.info/hofladen/imkerei-tietjen
Vierfelderhof;Groß-Glienicker Weg 30;14089;Berlin;Berlin;Deutschland;52.482808;13.171991;https://hofladen.info/hofladen/vierfelderhof
Froschkönig;Profener Bahnhofstrasse 2;06728;Elsteraue;Sachsen-Anhalt;Deutschland;51.129220;12.215077;https://hofladen.info/hofladen/froschkonig
Hof Rudnick;Schmolte 10;49406;Drentwede;Niedersachsen;Deutschland;52.726590;8.555290;https://hofladen.info/hofladen/hof-rudnick
Hofladen Labahn;Greifswalder Chaussee 11;17509;Groß Ernsthof;Mecklenburg-Vorpommern;Deutschland;54.084479;13.737006;https://hofladen.info/hofladen/hofladen-labahn
Ziegenhof Zickzack;Max-Planckstr. 25;53881;Euskirchen;Nordrhein-Westfalen;Deutschland;50.608057;6.845559;https://hofladen.info/hofladen/ziegenhof-zickzack
Seefelder Landmilch;Seefeld 31;23843;Bad Oldesloe;Schleswig-Holstein;Deutschland;53.849270;10.372910;https://hofladen.info/hofladen/seefelder-landmilch
Hofladen Früchtenicht;Völkerser Landstraße 45;27299;Langwedel;Niedersachsen;Deutschland;53.003907;9.231112;https://hofladen.info/hofladen/hofladen-fruchtenicht
Hofkäserei;Dürrnast 17;74535;Mainhardt;Baden-Württemberg;Deutschland;49.111540;9.571810;https://hofladen.info/hofladen/hofkaserei
Dorfschäferei Palmzin;Chausseestrasse 03;18334;Semlow;Mecklenburg-Vorpommern;Deutschland;54.180990;12.624370;https://hofladen.info/hofladen/dorfschaferei-palmzin
Damwildgehege Waldenburg;Hauptstraße 102;74638;Waldenburg;Baden-Württemberg;Deutschland;49.185860;9.639140;https://hofladen.info/hofladen/damwildgehege-waldenburg
Hofladen Luisenhof;Luisenhof 29;75038;Oberderdingen;Baden-Württemberg;Deutschland;49.107002;8.782158;https://hofladen.info/hofladen/hofladen-luisenhof
Spargelhof Janßen;Maasstraße ;47608;Geldern;Nordrhein-Westfalen;Deutschland;51.491546;6.228114;https://hofladen.info/hofladen/spargelhof-jan%C3%9Fen
Weingut Birkert;Unterheimbacher Str. 28;74626;Bretzfeld;Baden-Württemberg;Deutschland;49.163954;9.450162;https://hofladen.info/hofladen/weingut-birkert
Fischerei Alt-Schwerin;Wendorf 4;17214;Alt Schwerin;Mecklenburg-Vorpommern;Deutschland;53.496290;12.332170;https://hofladen.info/hofladen/fischerei-alt-schwerin
Milchschafhof Pimpinelle;Lindenstraße 20;15320;Quappendorf;Brandenburg;Deutschland;52.619520;14.265710;https://hofladen.info/hofladen/milchschafhof-pimpinelle
Wildhof am Weinberg;Krahner Straße 7;14797 ;Kloster Lehnin;Brandenburg;Deutschland;52.334808;12.550595;https://hofladen.info/hofladen/wildhof-am-weinberg
Hofladen Vaterstetten;Baldhamer Str. 99;85591 ;Vaterstetten;Bayern;Deutschland;48.112190;11.783053;https://hofladen.info/hofladen/hofladen-vaterstetten
Spargelhof Koenen;Heideweg 11;47623;Kevelaer;Nordrhein-Westfalen;Deutschland;51.582270;6.228457;https://hofladen.info/hofladen/spargelhof-koenen
Brennerei Fritz Lösch;Adolzfurter Straße 33;74629;Pfedelbach-Windischenbach;Baden-Württemberg;Deutschland;49.180238;9.483753;https://hofladen.info/hofladen/brennerei-fritz-losch
Klostergut auf dem Altstadtmarkt;Altstadtmarkt 1;38100;Braunschweig;Niedersachsen;Deutschland;52.262550;10.517870;https://hofladen.info/hofladen/klostergut-auf-dem-altstadtmarkt
Straußenhof Scholz ;Stichelsdorfer Weg 24 ;6188;Landsberg;Sachsen-Anhalt;Deutschland;51.501435;12.035664;https://hofladen.info/hofladen/strau%C3%9Fenhof-scholz
Bauers Brotzeit;Bundesstraße 49;97941;Distelhausen;Baden-Württemberg;Deutschland;49.598247;9.692843;https://hofladen.info/hofladen/bauers-brotzeit
Haußler Hinterespig;Hinterespig 5;74629;Pfedelbach;Baden-Württemberg;Deutschland;49.152290;9.519790;https://hofladen.info/hofladen/hau%C3%9Fler-hinterespig
Stephan's Hofladen ;Kleiner Waldsee 1;39217 ;Schönebeck;Sachsen-Anhalt;Deutschland;52.063195;11.802628;https://hofladen.info/hofladen/stephan-s-hofladen
Demeter Hofladen Hermersberg;Hermergsberg 7;74676;Niedernhall;Baden-Württemberg;Deutschland;49.275366;9.600738;https://hofladen.info/hofladen/demeter-hofladen-hermersberg
Gut Rosengarten;Rosengarten 9A;18574;Garz;Mecklenburg-Vorpommern;Deutschland;54.307480;13.382400;https://hofladen.info/hofladen/gut-rosengarten
Gut Dobersdorf;Gut Dobersdorf ;24232 ;Dobersdorf;Schleswig-Holstein;Deutschland;54.322820;10.289247;https://hofladen.info/hofladen/gut-dobersdorf
Hof Rengstorf;Benzen 6 ;29664 ;Walsrode;Niedersachsen;Deutschland;52.832866;9.580981;https://hofladen.info/hofladen/hof-rengstorf
Honigmeisterei;Gartenstr. 13;78136;Schonach;Baden-Württemberg;Deutschland;48.140177;8.214982;https://hofladen.info/hofladen/honigmeisterei
Spargelhof Pasch;Brüxkener-Str. 24;47638;Straelen;Nordrhein-Westfalen;Deutschland;51.401090;6.249820;https://hofladen.info/hofladen/spargelhof-pasch
Klangens Hof;Höperhöfen 15 ;27367 ;Bötersen;Niedersachsen;Deutschland;53.142419;9.301961;https://hofladen.info/hofladen/klangens-hof
Lohmannshof;Eichenstraße 24;27313;Westen;Niedersachsen;Deutschland;52.836670;9.302690;https://hofladen.info/hofladen/lohmannshof
Frischmilchautomat im Rewe;Röbeler Straße 45;16909;Wittstock;Brandenburg;Deutschland;53.170940;12.497520;https://hofladen.info/hofladen/frischmilchautomat-im-rewe
Gut Gamig;Gamig Nr 2;01809;Dohna;Sachsen;Deutschland;50.961629;13.842014;https://hofladen.info/hofladen/gut-gamig
Hof Göllner;Gadesbünden 7;31622;Heemsen;Niedersachsen;Deutschland;52.713870;9.273587;https://hofladen.info/hofladen/hof-gollner
Mosel-Weinversand;Müller Thurgau Straße 15;54536;Kröv;Rheinland-Pfalz;Deutschland;49.980356;7.084921;https://hofladen.info/hofladen/mosel-weinversand
Wohlenberger Sanddornhofladen;An der Chausse 15;23948;Wohlenberg;Mecklenburg-Vorpommern;Deutschland;53.940630;11.239490;https://hofladen.info/hofladen/wohlenberger-sanddornhofladen
Schafhaltung Küthe;Mühlchenstraße 7;57078;Siegen;Nordrhein-Westfalen;Deutschland;50.933160;7.947200;https://hofladen.info/hofladen/schafhaltung-kuthe
Agrarhof Gospersgrün;Schulstr. 1;8427;Fraureuth;Sachsen;Deutschland;50.680913;12.363245;https://hofladen.info/hofladen/agrarhof-gospersgrun
Klosterhofspargel;Zand 1;47638;Straelen;Nordrhein-Westfalen;Deutschland;51.435140;6.267920;https://hofladen.info/hofladen/klosterhofspargel
Hönig Hof;Reißmühle 1;78357;Mühlingen;Baden-Württemberg;Deutschland;47.921943;9.022484;https://hofladen.info/hofladen/honig-hof
Obsthof Am Süßen See ;Am Seefeld 1 ;6317;Seegebiet Mansfelder Land;Sachsen-Anhalt;Deutschland;51.496580;11.659090;https://hofladen.info/hofladen/obsthof-am-su%C3%9Fen-see
Gut Bergfeld;Am Hof 1 Gut Bergfeld;17237;Bergfeld;Mecklenburg-Vorpommern;Deutschland;53.352550;13.279970;https://hofladen.info/hofladen/gut-bergfeld
Landbauernhof Hohreute;Hohreutehof 83;88696;Owingen;Baden-Württemberg;Deutschland;47.814218;9.173031;https://hofladen.info/hofladen/landbauernhof-hohreute
Hofladen der Landfrauen in Leezen;Schlossstr. 4d;19067 ;Leezen;Mecklenburg-Vorpommern;Deutschland;53.660985;11.498766;https://hofladen.info/hofladen/hofladen-der-landfrauen-in-leezen
Griesels Milchhof;Oberster Riedsweg 1;34281;Gudensberg;Hessen;Deutschland;51.166202;9.342907;https://hofladen.info/hofladen/griesels-milchhof
Hitscherhof;Hitscherhof 3;66506;Massweiler;Baden-Württemberg;Deutschland;49.250250;7.529670;https://hofladen.info/hofladen/hitscherhof
Elisabethhof;Goethestraße 9  ;14542 ;Werder(Havel);Brandenburg;Deutschland;52.348160;12.881150;https://hofladen.info/hofladen/elisabethhof
Spargelhof Simianer;In den Steegwiesen 1;14547;Beelitz;Brandenburg;Deutschland;52.291444;12.831494;https://hofladen.info/hofladen/spargelhof-simianer
Obsthof Müller ;Bauernsiedlung 5 ;6268;Querfurt;Sachsen-Anhalt;Deutschland;51.374140;11.587820;https://hofladen.info/hofladen/obsthof-muller
Dettelbach Obst Liggeringen;Dettelbachstraße;78315;Radolfzell;Baden-Württemberg;Deutschland;47.784269;9.018917;https://hofladen.info/hofladen/dettelbach-obst-liggeringen
Kirchhof;An der Kirche 6;36211;Alheim;Hessen;Deutschland;51.025880;9.635410;https://hofladen.info/hofladen/kirchhof
Hofladen Maas GbR;Kirchstr. 34;74544;Michelbach an der Bilz;Baden-Württemberg;Deutschland;49.067890;9.764269;https://hofladen.info/hofladen/hofladen-maas-gbr
Alte Büdnerei Kühlungsborn;Doberaner Landweg 8;18225;Kühlungsborn;Mecklenburg-Vorpommern;Deutschland;54.131320;11.772550;https://hofladen.info/hofladen/alte-budnerei-kuhlungsborn
Schäferhof Neuenkirchen;Hauptstrasse 1-3 ;29643 ;Neuenkirchen;Niedersachsen;Deutschland;53.032447;9.707922;https://hofladen.info/hofladen/schaferhof-neuenkirchen
Fisch Hofladen Kressepark;Motzstr. 8;99094;Erfurt;Thüringen;Deutschland;50.961731;11.014991;https://hofladen.info/hofladen/fisch-hofladen-kressepark
Straußenfarm Ostseeblick;Ostseering 11;24257;Hohenfelde;Schleswig-Holstein;Deutschland;54.374960;10.521820;https://hofladen.info/hofladen/strau%C3%9Fenfarm-ostseeblick
Ökohof Kuhhorst;Dorfstraße 9 ;16818 ;Kuhhorst;Brandenburg;Deutschland;52.719009;12.850807;https://hofladen.info/hofladen/okohof-kuhhorst
Vilstal Schäfer;Spitzenberg 48;84137;Vilsbiburg;Bayern;Deutschland;48.475600;12.322760;https://hofladen.info/hofladen/vilstal-schafer
Johns Hofladen;Tuchenbacher Str. 9;90587 ;Veitsbronn;Bayern;Deutschland;49.512777;10.883561;https://hofladen.info/hofladen/johns-hofladen
Gut Schmerwitz - Hofladen;Schmerwitz 8;14827;Wiesenburg;Brandenburg;Deutschland;52.139904;12.482903;https://hofladen.info/hofladen/gut-schmerwitz-hofladen
Gut Gadewitz;Gadewitz Nr. 10;4720;Großweitzschen;Sachsen;Deutschland;51.159156;13.136410;https://hofladen.info/hofladen/gut-gadewitz
Hof Neuheim;Neuheim 2;24376;Kappeln;Schleswig-Holstein;Deutschland;54.683220;9.914620;https://hofladen.info/hofladen/hof-neuheim
Hof Icken;Hörn 4 · ;27607 ;Geestland-Sievern;Niedersachsen;Deutschland;53.647820;8.598523;https://hofladen.info/hofladen/hof-icken
Weingut Ungerer;Harsberger Str. 15;74629;Pfedelbach;Baden-Württemberg;Deutschland;49.147460;9.551540;https://hofladen.info/hofladen/weingut-ungerer
Gärtnerei & Hofladen Langenwolschendorf;Am Schafteich 7;7937;Langenwolschendorf;Thüringen;Deutschland;50.640674;11.967196;https://hofladen.info/hofladen/gartnerei-hofladen-langenwolschendorf-2
Erdbeer & Spargelland Lienau;Dorfstr. 21;29336;Nienhagen;Niedersachsen;Deutschland;52.552992;10.111944;https://hofladen.info/hofladen/erdbeer-spargelland-lienau
Spargelhof Heuer;Trülldamm 5;30938;Burgwedel;Niedersachsen;Deutschland;52.560710;9.843290;https://hofladen.info/hofladen/spargelhof-heuer
Reimehof - Der Ziegenhof in der Hersbrucker Alb;Wallsdorf 1;91241;Kirchensittenbach;Bayern;Deutschland;49.604500;11.440950;https://hofladen.info/hofladen/reimehof-der-ziegenhof-in-der-hersbrucker-alb
Biolandhof Petrik;Am Heulenberg 1;76327;Pfinztal;Baden-Württemberg;Deutschland;49.000788;8.545499;https://hofladen.info/hofladen/biolandhof-petrik
Jugendlandhof Crussow;Felchower Strasse 15;16278;Angermünde;Brandenburg;Deutschland;53.005672;14.080434;https://hofladen.info/hofladen/jugendlandhof-crussow
Hofladen Fuchs;Hauptstr 42;66957;Trulben;Rheinland-Pfalz;Deutschland;49.138941;7.542388;https://hofladen.info/hofladen/hofladen-fuchs
Spargelhof Kalkofen;Cobbeler Mühlenstr. 4;39517;Tangerhütte;Sachsen-Anhalt;Deutschland;52.395233;11.862356;https://hofladen.info/hofladen/spargelhof-kalkofen
Milchziegenhof Schuhmann;Hauptstraße 60;1665;Taubenheim;Sachsen;Deutschland;51.095420;13.462305;https://hofladen.info/hofladen/milchziegenhof-schuhmann
Biohof Franke;Leipziger Straße 215;8451;Crimmitschau;Sachsen;Deutschland;50.838738;12.390645;https://hofladen.info/hofladen/biohof-franke
Bauernhof Ruden;Gellertstraße 3;14476;Potsdam;Brandenburg;Deutschland;52.457105;13.038914;https://hofladen.info/hofladen/bauernhof-ruden
Guidohof;Am Ullersberg 31;9212;Limbach Oberfrohna;Sachsen;Deutschland;50.881911;12.652457;https://hofladen.info/hofladen/guidohof
Stapflehus;Mühlenstrasse 2;79589;Binzen;Baden-Württemberg;Deutschland;47.631669;7.624656;https://hofladen.info/hofladen/stapflehus
Biohof Jacobi;Mühlentor 28;34434;Borgentreich - Körbecke;Nordrhein-Westfalen;Deutschland;51.535410;9.284390;https://hofladen.info/hofladen/biohof-jacobi
Mühle-Lemke-Hofladen;Mühlenstraße 7;15378;Hennickendorf;Brandenburg;Deutschland;52.514079;13.851933;https://hofladen.info/hofladen/muhle-lemke-hofladen
Edelrot;Hausen 2;41751;Viersen;Nordrhein-Westfalen;Deutschland;51.229753;6.344151;https://hofladen.info/hofladen/edelrot
Nonies Hof;Heidäckersiedlung 4;74924;Neckarbischofsheim;Baden-Württemberg;Deutschland;49.306300;8.972670;https://hofladen.info/hofladen/nonies-hof
Hofgut Rüttehof;Rüttehof 1;79400;Kandern-Wollbach;Baden-Württemberg;Deutschland;47.680270;7.651377;https://hofladen.info/hofladen/hofgut-ruttehof
Hofkäserei Klostersee;;23743;Grömitz;Schleswig-Holstein;Deutschland;54.186490;10.968820;https://hofladen.info/hofladen/hofkaserei-klostersee
Kräutergärtnerei Helenion;Kleine Straße 2a;17291;Grünow;Brandenburg;Deutschland;53.318240;13.948710;https://hofladen.info/hofladen/krautergartnerei-helenion
Frischmilchautomat in Marihn;;17217;Marihn;Mecklenburg-Vorpommern;Deutschland;53.520894;12.995850;https://hofladen.info/hofladen/frischmilchautomat-in-marihn
Hofladen Gut Rothenhausen;Gut Rothenhausen 6;23860;Groß Schenkenberg;Schleswig-Holstein;Deutschland;53.805220;10.600070;https://hofladen.info/hofladen/hofladen-gut-rothenhausen
Hofgemeinschaft Löstrup;Löstruo 4;24966;Sörup;Schleswig-Holstein;Deutschland;54.725380;9.686410;https://hofladen.info/hofladen/hofgemeinschaft-lostrup
Casa Calina;Im Busch 1;16928;Groß Pankow (Prignitz);Brandenburg;Deutschland;53.190027;11.976507;https://hofladen.info/hofladen/casa-calina
Erlebnishof Hofmann;Alte Dorfstr.9;96215 ;Lichtenfels;Bayern;Deutschland;50.148670;11.040400;https://hofladen.info/hofladen/erlebnishof-hofmann
Agrar- und Absatzgenossenschaft eG Naumburg;Hallesche Str. 73;06618;Naumburg;Sachsen-Anhalt;Deutschland;51.161760;11.820090;https://hofladen.info/hofladen/agrar-und-absatzgenossenschaft-eg-naumburg
Kay Reichert;Hohenloher Str. 119;74243;Langenbrettach;Baden-Württemberg;Deutschland;49.184036;9.233035;https://hofladen.info/hofladen/kay-reichert
Sigrid Fleisch GbR;Geddelsbacher Str. 20;74629;Pfedelbach ;Baden-Württemberg;Deutschland;49.155024;9.498478;https://hofladen.info/hofladen/sigrid-fleisch-gbr
Biohof Rzehak;Holander Allee 24;24214;Tüttendorf;Schleswig-Holstein;Deutschland;54.378470;9.968880;https://hofladen.info/hofladen/biohof-rzehak
CHÄS CHUCHI ;Wehratalstr 12;79650;Schopfheim;Baden-Württemberg;Deutschland;47.697898;7.932462;https://hofladen.info/hofladen/chas-chuchi
Martinshof;In der Brombach 6;66606;St. Wendel;Saarland;Deutschland;49.493210;7.272490;https://hofladen.info/hofladen/martinshof
Hof Kaemena;Gustav-Brandes-Weg 19;28355;Bremen;Bremen;Deutschland;53.108410;8.912300;https://hofladen.info/hofladen/hof-kaemena
Milchschafhof Solterbeck;Sorgwohld 10;24811;Owschlag;Schleswig-Holstein;Deutschland;54.355810;9.571950;https://hofladen.info/hofladen/milchschafhof-solterbeck
Loth Hof Laden;Biberweg 1;82541;Münsing;Bayern;Deutschland;47.904050;11.376010;https://hofladen.info/hofladen/loth-hof-laden
Biolandhof Gutheiß;Stegwiesenstraße 93;74423;Obersontheim;Baden-Württemberg;Deutschland;49.071460;9.882327;https://hofladen.info/hofladen/biolandhof-guthei%C3%9F
Obsthof Wagner;Dieglishofen 1;88069;Dieglishofen;Baden-Württemberg;Deutschland;47.685142;9.601889;https://hofladen.info/hofladen/obsthof-wagner
Bauer Lipp;Steinbrücker Hof;64331;Weiterstadt;Hessen;Deutschland;49.899280;8.588100;https://hofladen.info/hofladen/bauer-lipp
Kilbs Bauernlädle;Weltersberg 29;74214;Schöntal-Bieringen;Baden-Württemberg;Deutschland;49.341560;9.524754;https://hofladen.info/hofladen/kilbs-bauernladle
Frischmilchautomat im Edeka Zöllick;Hermannstraße 30;18055;Rostock;Mecklenburg-Vorpommern;Deutschland;54.082950;12.135150;https://hofladen.info/hofladen/frischmilchautomat-im-edeka-zollick
Birkenhof;Birkenhof 1;57234;Wilnsdorf-Wilgersdorf;Nordrhein-Westfalen;Deutschland;50.826620;8.141890;https://hofladen.info/hofladen/birkenhof-2
Alhusen Spargelplantagen;Mahlen 2;27324;Eystrup;Niedersachsen;Deutschland;52.785253;9.200345;https://hofladen.info/hofladen/alhusen-spargelplantagen
Frauenhofer;Langquaider Str. 4;84085 ;Langquaid;Bayern;Deutschland;48.786564;12.015621;https://hofladen.info/hofladen/frauenhofer
Nußlocher Ziegenkäsehof;;69226;Nußloch;Baden-Württemberg;Deutschland;49.317460;8.703350;https://hofladen.info/hofladen/nu%C3%9Flocher-ziegenkasehof
Domäne Fredeburg;Domänenweg 1;23909;Fredeburg;Schleswig-Holstein;Deutschland;53.675130;10.726310;https://hofladen.info/hofladen/domane-fredeburg
Klausenhof;Waldstetter Weg 1;73529;Schwäbisch Gmünd;Baden-Württemberg;Deutschland;48.752990;9.798730;https://hofladen.info/hofladen/klausenhof
Scholl Ziegenalarm;Ansbacher Str. 20;91578;Leutershausen;Bayern;Deutschland;49.298590;10.483750;https://hofladen.info/hofladen/scholl-ziegenalarm
Hofbäckerei Schmidt;Dornwiesenhof 1;74427;Fichtenberg;Baden-Württemberg;Deutschland;48.988090;9.747720;https://hofladen.info/hofladen/hofbackerei-schmidt
Böhringer Obst;Mainhardter Str.23;74629;Untersteinbach;Baden-Württemberg;Deutschland;49.138602;9.571006;https://hofladen.info/hofladen/bohringer-obst
Cafe Obsthof PuurtenQuast ;Nincoper Straße 45 ;21129;Hamburg;Hamburg;Deutschland;53.513400;9.815370;https://hofladen.info/hofladen/cafe-obsthof-puurtenquast
Frischmilchautomat am Globus;Globusring 2;17207;Roggentin;Mecklenburg-Vorpommern;Deutschland;54.075900;12.201830;https://hofladen.info/hofladen/frischmilchautomat-am-globus
Obstbau Menzel;Hauptstraße 55 ;01877 ;Rammenau;Sachsen;Deutschland;51.151516;14.148441;https://hofladen.info/hofladen/obstbau-menzel-2
VITAshrimp;Starcholtstrasse 7;86495;Eurasburg;Bayern;Deutschland;48.332500;11.131270;https://hofladen.info/hofladen/vitashrimp
Hofladen Biohof Braun;14 Hohbergstraße;71665;Vaihingen Enz;Baden-Württemberg;Deutschland;48.916322;8.935109;https://hofladen.info/hofladen/hofladen-biohof-braun
Kornblume;Regenbacher Weg 5;74653;Künzelsau - Laßbach;Baden-Württemberg;Deutschland;49.265390;9.810030;https://hofladen.info/hofladen/kornblume
Oesehof Seifersdorf;Am Steinberg 1;1454;Wachau;Sachsen;Deutschland;51.157813;13.887460;https://hofladen.info/hofladen/oesehof-seifersdorf
Spargel-Hof Lövenich;Schillingsstraße 72;52355;Düren;Nordrhein-Westfalen;Deutschland;50.795484;6.446966;https://hofladen.info/hofladen/spargel-hof-lovenich
Biohof Hausmann;Mühlweg, 8;09306;Rochlitz;Sachsen;Deutschland;51.030993;12.732276;https://hofladen.info/hofladen/biohof-hausmann
Neumanns Erntegarten;Am Heineberg 2;14469;Potsdam;Brandenburg;Deutschland;52.433099;12.993364;https://hofladen.info/hofladen/neumanns-erntegarten
Hof Dannwisch;Dannwisch 1;25358;Horst;Niedersachsen;Deutschland;53.798350;9.615310;https://hofladen.info/hofladen/hof-dannwisch
Weingut Busch;Greuthof 1;74626;Bretzfeld;Baden-Württemberg;Deutschland;49.170632;9.375442;https://hofladen.info/hofladen/weingut-busch
Schafraffenland;Balzhofener Str. 21;77815;Bühl;Baden-Württemberg;Deutschland;48.712310;8.092030;https://hofladen.info/hofladen/schafraffenland
Finkennest;Zillham 12;83137;Schonstett;Bayern;Deutschland;47.984838;12.266161;https://hofladen.info/hofladen/finkennest
Bauernhof Burkart;Hauptstraße 7;74544;Michelbach an der Bilz;Baden-Württemberg;Deutschland;49.084940;9.752360;https://hofladen.info/hofladen/bauernhof-burkart
Kettenburgs Hof;Alte Dorfstraße 18;27356 ;Rotenburg;Niedersachsen;Deutschland;53.079007;9.351452;https://hofladen.info/hofladen/kettenburgs-hof
Hofladen Hohnhorst;Hauptstr. 25 ;31559 ;Nenndorf;Niedersachsen;Deutschland;52.368518;9.372931;https://hofladen.info/hofladen/hofladen-hohnhorst
Straußenfarm Lohsa;Am Park 12;2999;Lohsa;Sachsen;Deutschland;51.394209;14.397211;https://hofladen.info/hofladen/strau%C3%9Fenfarm-lohsa
Obsthof Lefers;Osterjork 140 ;21635;Jork;Niedersachsen;Deutschland;53.525950;9.705940;https://hofladen.info/hofladen/obsthof-lefers
Biokiste Weißmeyer;Langenweddinger Straße 6;39164;Wanzleben;Sachsen-Anhalt;Deutschland;52.104006;11.508502;https://hofladen.info/hofladen/biokiste-wei%C3%9Fmeyer
Regionalmarkt Hohenlohe;Birkichstr. 10;74549;Wolpertshausen;Baden-Württemberg;Deutschland;49.169313;9.859870;https://hofladen.info/hofladen/regionalmarkt-hohenlohe
Bauernladen am Kirschberg;Bortewitzer Straße 2 b;4774;Dahlen;Sachsen;Deutschland;51.366420;12.991930;https://hofladen.info/hofladen/bauernladen-am-kirschberg
Biohof Schumacher;Deichstraße 1;27321;Emtinghausen;Niedersachsen;Deutschland;52.928200;8.982050;https://hofladen.info/hofladen/biohof-schumacher
Schoderhof;Edensbach 191;88289;Waldburg;Baden-Württemberg;Deutschland;47.755820;9.739440;https://hofladen.info/hofladen/schoderhof
Schillings Hofladen;Hafenweg 45;18569;Schaprode;Mecklenburg-Vorpommern;Deutschland;54.513060;13.165660;https://hofladen.info/hofladen/schillings-hofladen
Le Quartier Christ;Hornbach 5;67433;Neustadt / Weinstraße;Rheinland-Pfalz;Deutschland;49.342096;8.167032;https://hofladen.info/hofladen/le-quartier-christ
Geflügelhof Breisch;Binselberg 22;74582;Gerabronn;Baden-Württemberg;Deutschland;49.233881;9.881460;https://hofladen.info/hofladen/geflugelhof-breisch
Winzerhof Stahl;Lange Dorfstraße 21;97215;Auernhofen;Bayern;Deutschland;49.523223;10.104612;https://hofladen.info/hofladen/winzerhof-stahl
Ostseebienen;;;;;;;;https://hofladen.info/hofladen/ostseebienen
Biohof Lecker;Niederheining 1;83410;Laufen;Bayern;Deutschland;47.907880;12.941430;https://hofladen.info/hofladen/biohof-lecker
Seebodenhof;Seeboden 1;79588;Efringen-Kirchen;Baden-Württemberg;Deutschland;47.662246;7.571484;https://hofladen.info/hofladen/seebodenhof
Villa Kunterbunt;Zinnowitzer Str. 6 ;17440 ;Neuendorf;Mecklenburg-Vorpommern;Deutschland;54.034612;13.889078;https://hofladen.info/hofladen/villa-kunterbunt
Sonnenberg Spargel;Granseer Straße 8;16775 ;Sonnenberg;Brandenburg;Deutschland;53.030883;13.124181;https://hofladen.info/hofladen/sonnenberg-spargel
Hof Petschl;Reutpfädle 1;71672 ;Marbach am Neckar;Baden-Württemberg;Deutschland;48.933990;9.269920;https://hofladen.info/hofladen/hof-petschl
Gut Herrenhölzer;Gutsstraße 1;14789;Bensdorf;Brandenburg;Deutschland;52.402042;12.336489;https://hofladen.info/hofladen/gut-herrenholzer
Rittergut Binsförth;Rittergut 1;34326;Morschen;Hessen;Deutschland;51.070980;9.572000;https://hofladen.info/hofladen/rittergut-binsforth
Arche Warder;Langwedeler Weg 11;24646 ;Warder;Schleswig-Holstein;Deutschland;54.217864;9.906339;https://hofladen.info/hofladen/arche-warder
Hofladen und Cafe Lore Feindt ;Westerjork 57 ;21635;Jork;Niedersachsen;Deutschland;53.534930;9.670150;https://hofladen.info/hofladen/hofladen-und-cafe-lore-feindt
Cohrs Hofladen ;Rutenbeck 5 ;21640;Bliedersdorf;Niedersachsen;Deutschland;53.464210;9.555410;https://hofladen.info/hofladen/cohrs-hofladen
Hofladen Lienert;Neue Chaussee;14641;Wustermark;Brandenburg;Deutschland;52.511286;12.967405;https://hofladen.info/hofladen/hofladen-lienert
Hofleben Gräben;Kreuzbrucher Str. 12;16559 ;Liebenwalde;Brandenburg;Deutschland;52.836350;13.411907;https://hofladen.info/hofladen/hofleben-graben
Obstbau Schleicher;Hinterespig 9;74629;Pfedelbach;Baden-Württemberg;Deutschland;49.153301;9.520108;https://hofladen.info/hofladen/obstbau-schleicher
Ziegenhof Wolfsschlucht;Pusack 1;3159;Neiße-Malxetal;Brandenburg;Deutschland;51.589380;14.732620;https://hofladen.info/hofladen/ziegenhof-wolfsschlucht
Dahmer Landmilch;Kellenhusener Weg 26;23747;Dahme;Schleswig-Holstein;Deutschland;54.205120;11.078410;https://hofladen.info/hofladen/dahmer-landmilch
Biolandhof Thomas Hägele;Ziegelstr.8;74424;Bühlertann;Baden-Württemberg;Deutschland;49.040340;9.908450;https://hofladen.info/hofladen/biolandhof-thomas-hagele
Hofladen G.Rapp;Im Schollengarten 19b;76646;Untergrombach;Baden-Württemberg;Deutschland;49.096050;8.561330;https://hofladen.info/hofladen/hofladen-g-rapp
S´Milch-Häusle Langenbeutingen;Lindenhof 1 (Im Stegle);74243;Langenbrettach;Baden-Württemberg;Deutschland;49.218470;9.414935;https://hofladen.info/hofladen/s%C2%B4milch-hausle-langenbeutingen
Hofgut Schleinkofer;Amtmännenwiesen 3;76199;Karlsruhe-Rüppurr;Baden-Württemberg;Deutschland;48.965740;8.387610;https://hofladen.info/hofladen/hofgut-schleinkofer
Hof Schwalbennest;Pehlitz 3;16230;Chorin;Brandenburg;Deutschland;52.909380;13.993550;https://hofladen.info/hofladen/hof-schwalbennest
Milchschafhof-Schafgarbe;Ogrosener Dorfstraße 35;3226;Vetschau;Brandenburg;Deutschland;51.711900;14.040980;https://hofladen.info/hofladen/milchschafhof-schafgarbe
Hof Gletzow;Dorfstraße 35;19217;Gletzow;Mecklenburg-Vorpommern;Deutschland;53.804634;11.045092;https://hofladen.info/hofladen/hof-gletzow
Gut Kerkow;Greifenberger Strasse 8;16278;Angermünde;Brandenburg;Deutschland;53.619192;10.147893;https://hofladen.info/hofladen/gut-kerkow
Hofkäserei Schönborn;Langebrückerstr. 11;1465;Schönborn;Sachsen;Deutschland;51.145790;13.863040;https://hofladen.info/hofladen/hofkaserei-schonborn
Brünings Scheune;Landstraße 22 ;28870 ;Fischerhude;Niedersachsen;Deutschland;53.116575;9.054533;https://hofladen.info/hofladen/brunings-scheune
Obsthof Drechsle;Feldbergstrasse 22;79639;Grenzach-Wyhlen;Baden-Württemberg;Deutschland;47.567811;7.705064;https://hofladen.info/hofladen/obsthof-drechsle
Landräucherei Glut & Späne;Dorfmitte 11;17268;Gerswalde;Brandenburg;Deutschland;53.169570;13.748990;https://hofladen.info/hofladen/landraucherei-glut-spane
Weidenhof;Weidenstraße 5-7;63607;Wächtersbach;Hessen;Deutschland;50.266084;9.315570;https://hofladen.info/hofladen/weidenhof
Schäferei Hullerbusch;Hullerbusch 2;17258;Feldberger Seenlandschaft;Mecklenburg-Vorpommern;Deutschland;53.321330;13.444240;https://hofladen.info/hofladen/schaferei-hullerbusch
Tierfairbrik;Falkenberger Str. 2;34576;Hombergshausen;Hessen;Deutschland;51.071430;9.439320;https://hofladen.info/hofladen/tierfairbrik
Ziegenhof Loretto;Loretto 6;88529;Zwiefalten;Baden-Württemberg;Deutschland;48.249980;9.461130;https://hofladen.info/hofladen/ziegenhof-loretto
Hof Mahlitzsch;Mahlitzsch 1;1683;Nossen;Sachsen;Deutschland;51.078262;13.367106;https://hofladen.info/hofladen/hof-mahlitzsch
Honhardter Demeterhöfe;Ostweg 15;74586;Frankenhardt;Baden-Württemberg;Deutschland;49.069930;10.044490;https://hofladen.info/hofladen/honhardter-demeterhofe
Fischzucht Pilgram;Kieselhöhe 15;53797;Lohmar;Nordrhein-Westfalen;Deutschland;50.839570;7.216130;https://hofladen.info/hofladen/fischzucht-pilgram
Hamfelder Hof;Dorfstraße 35;21493;Mühlenrade;Schleswig-Holstein;Deutschland;53.599217;10.488505;https://hofladen.info/hofladen/hamfelder-hof
Weingartenhof Denzer;Läufelbergstraße 7;79592;Fischingen;Baden-Württemberg;Deutschland;47.651285;7.599741;https://hofladen.info/hofladen/weingartenhof-denzer
Regenbogenhof;Alte Bahnhofstraße 6;17291;Nordwestuckermark;Brandenburg;Deutschland;53.396419;13.692768;https://hofladen.info/hofladen/regenbogenhof
Finther Obstlädchen;Kurmainzstr. 10;55126;Mainz;Rheinland-Pfalz;Deutschland;49.983526;8.176025;https://hofladen.info/hofladen/finther-obstladchen
Hof Sophienlust;Hof Sophienlust;24241;Schierensee;Schleswig-Holstein;Deutschland;54.250340;9.996300;https://hofladen.info/hofladen/hof-sophienlust
Borgfelder Milchmanufaktur;Borgfelder Landstraße 4;28357;Bremen;Bremen;Deutschland;53.126893;8.903985;https://hofladen.info/hofladen/borgfelder-milchmanufaktur
Obst- und Gemüsehof Schopferer;In der Breite 1;79588;Egringen;Baden-Württemberg;Deutschland;47.663999;7.597759;https://hofladen.info/hofladen/obst-und-gemusehof-schopferer
Bioland-Imkerei Ralf Berghane;Laurentiusstr. 5;45899;Gelsenkirchen;Nordrhein-Westfalen;Deutschland;51.525070;7.025900;https://hofladen.info/hofladen/bioland-imkerei-ralf-berghane
Naturhof Vogtland;Weststraße 51;08485;Lengenfeld;Sachsen;Deutschland;50.566020;12.341018;https://hofladen.info/hofladen/naturhof-vogtland
Landmarkt Memmendorf;Am Memmendorfer Park 1;9569;Oederan;Sachsen;Deutschland;50.886451;13.186524;https://hofladen.info/hofladen/landmarkt-memmendorf
Gemüsehof Pohl;Merzenicher Straße 5;50170;Kerpen;Nordrhein-Westfalen;Deutschland;50.859720;6.579905;https://hofladen.info/hofladen/gemusehof-pohl
Uckerkaas;;17337;Uckerland;Brandenburg;Deutschland;53.450395;13.804727;https://hofladen.info/hofladen/uckerkaas
Obstbau Menzel;Hauptstraße 55;1877;Rammenau;Sachsen;Deutschland;51.151516;14.148441;https://hofladen.info/hofladen/obstbau-menzel
Hof Bünkemühle;Bünkemühle 33 ;27333 ;Warpe;Niedersachsen;Deutschland;52.766242;9.090732;https://hofladen.info/hofladen/hof-bunkemuhle
Hof Haltermann;Am Hodenberger Deich 36;28355;Bremen;Bremen;Deutschland;53.089186;8.950200;https://hofladen.info/hofladen/hof-haltermann
Meisterhonig Christine & Ivan Curic;In der Aue 10;37213;Witzenhausen;Hessen;Deutschland;51.338274;9.866100;https://hofladen.info/hofladen/meisterhonig-christine-ivan-curic
Landi GmbH;Stapelburger Straße 12;38871;Veckenstedt;Sachsen-Anhalt;Deutschland;51.900760;10.721530;https://hofladen.info/hofladen/landi-gmbh
Hofladen am Rotdorn;Rosenstr.4;29386;Obernholz;Niedersachsen;Deutschland;52.744115;10.602284;https://hofladen.info/hofladen/hofladen-am-rotdorn
Stimbekhof;Oberhaverbeck 2;29646;Bispingen;Niedersachsen;Deutschland;53.145021;9.920885;https://hofladen.info/hofladen/stimbekhof
Apfelhof Wähnert;Gartenweg 1;16775;Löwenberger Land;Brandenburg;Deutschland;52.920902;13.114698;https://hofladen.info/hofladen/apfelhof-wahnert
Schäferei Schuster;Ostorfer Straße 2;39615;Beuster;Brandenburg;Deutschland;52.938184;11.790883;https://hofladen.info/hofladen/schaferei-schuster
Biohof Böse-Hartje;Groß Eißel 26;27321;Thedinghausen;Niedersachsen;Deutschland;52.979690;9.009140;https://hofladen.info/hofladen/biohof-bose-hartje
Klosterhöfer Ziegenkäse;Gomfritz 3;36381;Schlüchtern;Hessen;Deutschland;50.385778;9.540698;https://hofladen.info/hofladen/klosterhofer-ziegenkase
Sonnenhof;Astwiesen 2;73087;Bad Boll;Baden-Württemberg;Deutschland;48.645210;9.600070;https://hofladen.info/hofladen/sonnenhof
Hof und Höfle;Weilerstraße 42;73061;Ebersbach;Baden-Württemberg;Deutschland;48.703310;9.504650;https://hofladen.info/hofladen/hof-und-hofle
Lunser Landlädchen;Kirchweg 1;27321;Thedinghausen;Niedersachsen;Deutschland;52.968010;9.046830;https://hofladen.info/hofladen/lunser-landladchen
Hofladen mit Räucherei;Talmühle 1;9638;Lichtenberg;Sachsen;Deutschland;50.848977;13.399116;https://hofladen.info/hofladen/hofladen-mit-raucherei
Hofkäserei Horn;Hauptstraße 81;9430;Drebach;Sachsen;Deutschland;50.672840;13.019110;https://hofladen.info/hofladen/hofkaserei-horn
Geflügelhof Walker;Ludwigsburger Steige 100;71686;Remseck-Aldingen;Baden-Württemberg;Deutschland;48.870681;9.239503;https://hofladen.info/hofladen/geflugelhof-walker
Schiebers Bauernhof;Lindich 2;74523;Schwäbisch Hall;Baden-Württemberg;Deutschland;49.084360;9.696640;https://hofladen.info/hofladen/schiebers-bauernhof
AschauTeiche;Aschauteiche 1;29348;Eschede;Niedersachsen;Deutschland;52.751234;10.265268;https://hofladen.info/hofladen/aschauteiche
Biolandhof Burger;Zum Flecken 18;91189 ;Rohr;Bayern;Deutschland;49.342775;10.883601;https://hofladen.info/hofladen/biolandhof-burger
Obstgut Marquardt;Dorfstraße 10;14476;Potsdam;Brandenburg;Deutschland;52.475982;12.988163;https://hofladen.info/hofladen/obstgut-marquardt
Zur Tabakblüte;Dorfstraße 27a;16307;Gartz/O;Brandenburg;Deutschland;53.158860;14.346370;https://hofladen.info/hofladen/zur-tabakblute
Hof Domanja;Hoske 44;2997;Wittichenau;Sachsen;Deutschland;51.364382;14.264740;https://hofladen.info/hofladen/hof-domanja
Eekenhof;Flachsweg 40;26316;Varel;Niedersachsen;Deutschland;53.373730;8.140330;https://hofladen.info/hofladen/eekenhof
Hof Meyerholz;Holzbaden 34   ;28832 ;Achim;Niedersachsen;Deutschland;53.002805;9.094964;https://hofladen.info/hofladen/hof-meyerholz
Hof Körner;Auf dem Kamp 13 ;29664 ;Walsrode;Niedersachsen;Deutschland;52.828279;9.623400;https://hofladen.info/hofladen/hof-korner
Geflügelzucht Josef Schulte;Klettenbach 1;72654;Neckartenzlingen;Baden-Württemberg;Deutschland;48.580756;9.248585;https://hofladen.info/hofladen/geflugelzucht-josef-schulte
Milchzapfstelle Flade;Obere Dorfstraße 15;1723;Helbigsdorf;Sachsen;Deutschland;51.030560;13.475220;https://hofladen.info/hofladen/milchzapfstelle-flade
Biolandhof Reimer;Flurstr. 6;74405;Gaildorf;Baden-Württemberg;Deutschland;48.967658;9.751485;https://hofladen.info/hofladen/biolandhof-reimer
Ökohof Engler;Serwester Dorfstraße 72;16230;Chorin;Brandenburg;Deutschland;52.929189;13.925075;https://hofladen.info/hofladen/okohof-engler
A&N Geflügelhof ;Sorgwohlder Weg 6;24791;Alt Duvenstedt ;Schleswig-Holstein;Deutschland;54.351400;9.573588;https://hofladen.info/hofladen/a-n-geflugelhof-2
Bioland-Hof Kleincomburg GbR;Kleincomburger Weg 50;74523;Schwäbisch Hall;Baden-Württemberg;Deutschland;49.096678;9.749572;https://hofladen.info/hofladen/bioland-hof-kleincomburg-gbr
Familie Sprich;Große Gaß 36;79576;Weil-Haltingen;Baden-Württemberg;Deutschland;47.613330;7.619468;https://hofladen.info/hofladen/familie-sprich
Landschaftspflege- und Ziegenhof ;Friedeburger Straße 9 ;6347;Gerbstedt;Sachsen-Anhalt;Deutschland;51.630893;11.704296;https://hofladen.info/hofladen/landschaftspflege-und-ziegenhof
Ritters Gemüsekiste;Mühlenbachweg 6;21227;Bendestorf;Niedersachsen;Deutschland;53.330090;9.982446;https://hofladen.info/hofladen/ritters-gemusekiste
Erlebnisbauernhof Rademer;Langenbrücker Weg 8a;64832;Babenhausen;Hessen;Deutschland;49.959879;8.944704;https://hofladen.info/hofladen/erlebnisbauernhof-rademer
Stoffers Hoff;Im Dicken Ort 22;27283;Verden (Aller);Niedersachsen;Deutschland;52.907364;9.277905;https://hofladen.info/hofladen/stoffers-hoff
RosaKuh;Am Pfannenfeld 2;90587 ;Obermichelbach;Bayern;Deutschland;49.527176;10.919997;https://hofladen.info/hofladen/rosakuh
Lärchenhof;Lärchenhof 1;88633;Heiligenberg;Baden-Württemberg;Deutschland;47.829220;9.310350;https://hofladen.info/hofladen/larchenhof
Obsthof Schörlin;Am Tischligweg 40;79588;Efringen-Kirchen;Baden-Württemberg;Deutschland;47.676567;7.549666;https://hofladen.info/hofladen/obsthof-schorlin
Biohof Butz;Viehhausen 2 ;84056;Rottenburg;Bayern;Deutschland;48.681610;12.017080;https://hofladen.info/hofladen/biohof-butz
So Bio Laden-Weckelweiler Werkstätten;Heinstr. 16;74592 ;Kirchberg/Jagst;Baden-Württemberg;Deutschland;49.206091;9.983054;https://hofladen.info/hofladen/so-bio-laden-weckelweiler-werkstatten
Honigladen;Hauptstraße 5;9474;Crottendorf;Sachsen;Deutschland;50.534307;12.944380;https://hofladen.info/hofladen/honigladen
Spargelhof Siethen;Siethener Dorfstraße 13;14974;Siethen;Brandenburg;Deutschland;52.283470;13.209450;https://hofladen.info/hofladen/spargelhof-siethen
Gartenbau Hauke;Oskar von Arnim Straße 12;17291;Nordwestuckermark;Brandenburg;Deutschland;53.274088;13.688236;https://hofladen.info/hofladen/gartenbau-hauke
Hofladen Wiedemann;Breite Straße 1;38159 ;Vechelde;Niedersachsen;Deutschland;52.258161;10.339761;https://hofladen.info/hofladen/hofladen-wiedemann
Vielfruchthof Domstiftsgut Mötzow;Gutshof 1;14778;Beetzseeheide;Brandenburg;Deutschland;52.463790;12.591530;https://hofladen.info/hofladen/vielfruchthof-domstiftsgut-motzow
Seenfischerei Krempig;Beenzhof 1;17279;Lychen;Brandenburg;Deutschland;53.253579;13.343673;https://hofladen.info/hofladen/seenfischerei-krempig
Hedwigshof;Durlacherstrasse 36;76275;Ettlingen;Baden-Württemberg;Deutschland;48.958120;8.430439;https://hofladen.info/hofladen/hedwigshof
Marstall Boitzenburg;Templiner Straße 5;17268;Boitzenburger Land;Brandenburg;Deutschland;53.262174;13.604238;https://hofladen.info/hofladen/marstall-boitzenburg
Geflügelzucht Egon Müller;Steinfeld 2;75146;Aspach;Baden-Württemberg;Deutschland;49.014800;9.368570;https://hofladen.info/hofladen/geflugelzucht-egon-muller
Singers Bauernladen;Heroldsbacher Straße 42a;91353 ;Hausen;Bayern;Deutschland;49.693250;11.027832;https://hofladen.info/hofladen/singers-bauernladen
Brunkshof, Hofladen und Milchtankstelle;Eichenstraße 13 ;27389 ;Stemmen;Niedersachsen;Deutschland;53.223263;9.551247;https://hofladen.info/hofladen/brunkshof-hofladen-und-milchtankstelle
Biolandhof Nagengast;Bergstr. 18 ;91352 ;Hallerndorf;Bayern;Deutschland;49.774141;10.995298;https://hofladen.info/hofladen/biolandhof-nagengast
Seenfischerei Angermünde;Bleiche 1;16278;Angermünde;Brandenburg;Deutschland;53.019564;14.009749;https://hofladen.info/hofladen/seenfischerei-angermunde
Bauernhof Pitschke ;Hauptstraße 17 ;6429;Gerbitz;Sachsen-Anhalt;Deutschland;51.841606;11.826253;https://hofladen.info/hofladen/bauernhof-pitschke
Ucker-Ei;Boben Enn 3;17291;Nordwestuckermark;Brandenburg;Deutschland;53.260192;13.847788;https://hofladen.info/hofladen/ucker-ei
Wildmanufaktur;Schulstrasse 1a;19399;Dobbertin;Mecklenburg-Vorpommern;Deutschland;53.622560;12.072730;https://hofladen.info/hofladen/wildmanufaktur
Jesser Mühle;Neuenstadter Str.21;74239;Hardthausen - Kochersteinsfeld;Baden-Württemberg;Deutschland;49.240492;9.399277;https://hofladen.info/hofladen/jesser-muhle
H4C Ranch Fleischverkauf;Berthelsdorfer Str. 6;09661 ;Hainichen;Sachsen;Deutschland;50.960274;13.119667;https://hofladen.info/hofladen/h4c-ranch-fleischverkauf
Haus Lichtenhain;Lichtenhain 25;17268;Boitzenburger Land;Brandenburg;Deutschland;53.232016;13.596506;https://hofladen.info/hofladen/haus-lichtenhain
Braunsberger Höfe;Dorfstraße 26;16818;Braunsberg;Brandenburg;Deutschland;53.049232;12.834325;https://hofladen.info/hofladen/braunsberger-hofe
Hofladen Quitzow;Buchholzer Chaussee 16;19348;Perleberg;Brandenburg;Deutschland;53.103435;11.835136;https://hofladen.info/hofladen/hofladen-quitzow
Bio-Hof Mayer;Hengelgasse 1;74423;Obersontheim;Baden-Württemberg;Deutschland;49.024702;9.846387;https://hofladen.info/hofladen/bio-hof-mayer
Wildwirtschaft;Buchenhain 33;17268;Boitzenburger Land;Brandenburg;Deutschland;53.307120;13.548070;https://hofladen.info/hofladen/wildwirtschaft
Rümelinsmühle Murrhardt;Siegelsberger Str.23;71540;Murrhardt;Baden-Württemberg;Deutschland;48.982521;9.581380;https://hofladen.info/hofladen/rumelinsmuhle-murrhardt
Pension Moritz & Hofladen;Schwedter Straße 1;16306;Berkholz-Meyenburg;Brandenburg;Deutschland;53.041534;14.248748;https://hofladen.info/hofladen/pension-moritz-hofladen
Müllers Hausmacher Lädle;Schloss Schmiedelfeld 2;74429;Sulzbach - Laufen;Baden-Württemberg;Deutschland;48.965877;9.852850;https://hofladen.info/hofladen/mullers-hausmacher-ladle
Biohof Hausmann;Hauptstraße 59;86678;Ehingen;Bayern;Deutschland;48.596192;10.793435;https://hofladen.info/hofladen/biohof-hausmann-2
Hof Möllenbeck;Waterort 17;48336;Füchtorf;Nordrhein-Westfalen;Deutschland;52.053713;8.017839;https://hofladen.info/hofladen/hof-mollenbeck
Biohof Stövesandt;Hagen 8;29303;Bergen;Niedersachsen;Deutschland;52.824396;9.966916;https://hofladen.info/hofladen/biohof-stovesandt
C. v. Laer - Erdbeer- und Spargelkulturen;Senderstraße 23;32049;Herford;Niedersachsen;Deutschland;52.133234;8.729746;https://hofladen.info/hofladen/c-v-laer-erdbeer-und-spargelkulturen
Hofladen Großzöbern;Plauener Landstr. 12;8538;Weischlitz ;Sachsen;Deutschland;50.448688;12.058307;https://hofladen.info/hofladen/hofladen-gro%C3%9Fzobern
Spargel– und Erlebnishof Klaistow;Glindower Str. 28;14547;Beelitz;Brandenburg;Deutschland;52.296368;12.859755;https://hofladen.info/hofladen/spargel%E2%80%93-und-erlebnishof-klaistow
Wirth's Hof;Brühl 2;91056 ;Dechsendorf;Bayern;Deutschland;49.626789;10.937867;https://hofladen.info/hofladen/wirth-s-hof
Ziegenkäserei und Wiesencafe Karolinenhof;Karolinenhof 1;16766;Kremmen;Brandenburg;Deutschland;52.712698;12.867927;https://hofladen.info/hofladen/ziegenkaserei-und-wiesencafe-karolinenhof
Bauer Lange;Lieschow Hof Nr. 37;18569;Ummanz;Mecklenburg-Vorpommern;Deutschland;54.436090;13.180370;https://hofladen.info/hofladen/bauer-lange
Weinbau Seeliger;Gestewitzer Straße 1;06618;Naumburg;Sachsen-Anhalt;Deutschland;51.088650;11.842490;https://hofladen.info/hofladen/weinbau-seeliger
Räucherhaus Ahrenshoop;Hafenweg 6;18347;Ostseebad Ahrenshoop;Mecklenburg-Vorpommern;Deutschland;54.372580;12.418870;https://hofladen.info/hofladen/raucherhaus-ahrenshoop
Gut Boltenhof;Lindenallee 14;16798 ;Fürstenberg/Havel;Brandenburg;Deutschland;53.115416;13.255029;https://hofladen.info/hofladen/gut-boltenhof
Der kleine Hofladen in Altmühlfranken/Schlungenhof;Ansbacher Str.48;91710;Gunzenhausen;Bayern;Deutschland;49.126343;10.750490;https://hofladen.info/hofladen/der-kleine-hofladen-in-altmuhlfranken-schlungenhof
Bio-Gärtnerei Watzkendorf;Zum Mühlenbach 2;17237;Blankensee;Mecklenburg-Vorpommern;Deutschland;53.393340;13.312530;https://hofladen.info/hofladen/bio-gartnerei-watzkendorf
Domäne Mechtildshausen;Hasengartenstr. 12;65205;Wiesbaden;Hessen;Deutschland;50.065700;8.256100;https://hofladen.info/hofladen/domane-mechtildshausen
Hof Schröder;Donnerstedter Dorfstr. 2;27321;Thedinghausen;Niedersachsen;Deutschland;52.964285;8.973801;https://hofladen.info/hofladen/hof-schroder
Geflügelhof Michael Pfefferle;Emil Thoma Str. 35;75031;Eppingen;Baden-Württemberg;Deutschland;49.143181;8.902020;https://hofladen.info/hofladen/geflugelhof-michael-pfefferle
Ziegenhof Eichelborn;Dorfstr. 37;99198;Eichelborn;Thüringen;Deutschland;50.941860;11.180630;https://hofladen.info/hofladen/ziegenhof-eichelborn
Stapf's Hoflädle;Birkenhöfe 2;74626;Bretzfeld ;Baden-Württemberg;Deutschland;49.189550;9.426070;https://hofladen.info/hofladen/stapf-s-hofladle
Müritzhof Knust;Dorfstraße 9;17192;Klink-Sembzin;Mecklenburg-Vorpommern;Deutschland;53.463410;12.606670;https://hofladen.info/hofladen/muritzhof-knust
Imkerei Mattfeld;Grünstr. 6;29664;Walsrode;Niedersachsen;Deutschland;52.865043;9.588132;https://hofladen.info/hofladen/imkerei-mattfeld
Gutsladen;Dorfstraße 18;17506;Owstin;Mecklenburg-Vorpommern;Deutschland;53.928532;13.468189;https://hofladen.info/hofladen/gutsladen
Gut Adolphshof;;31275;Lehrte;Niedersachsen;Deutschland;52.374620;9.978420;https://hofladen.info/hofladen/gut-adolphshof
Spargel & Kürbis Scheune;Altenhäger Straße 93 ;31558 ;Hagenburg;Niedersachsen;Deutschland;52.439615;9.346228;https://hofladen.info/hofladen/spargel-kurbis-scheune
Scheferhof;Bubenreuther Str. 8 ;91094 ;Bräuningshof;Bayern;Deutschland;49.630681;11.036741;https://hofladen.info/hofladen/scheferhof
Anderlbauer;Hauptstr. 4;83112;Frasdorf;Bayern;Deutschland;47.803120;12.289700;https://hofladen.info/hofladen/anderlbauer
Mosterei Klimmek;Parkweg 4;16278;Angermünde;Brandenburg;Deutschland;53.004639;13.968545;https://hofladen.info/hofladen/mosterei-klimmek
Wacholderhof;;65346 ;Eltville;Hessen;Deutschland;50.043415;8.048705;https://hofladen.info/hofladen/wacholderhof
Hof im Greth ;Im Greth 1 - Lesser Straße;31185;Söhlde;Niedersachsen;Deutschland;52.183440;10.233400;https://hofladen.info/hofladen/hof-im-greth
Sunnehof;Lettenweg 12;79689;Maulburg;Baden-Württemberg;Deutschland;47.639817;7.780956;https://hofladen.info/hofladen/sunnehof
Hofladen Kampe;Glockenstr. 24 ;28857 ;Syke;Niedersachsen;Deutschland;52.937468;8.823623;https://hofladen.info/hofladen/hofladen-kampe
Mennes Nieheimer Schaukäserei;Hospitalstraße 22;33039;Nieheim;Nordrhein-Westfalen;Deutschland;51.803390;9.103550;https://hofladen.info/hofladen/mennes-nieheimer-schaukaserei
Spargel-Erdbeeren Springensguth;Rodenweg 36;33415;Verl;Niedersachsen;Deutschland;51.875218;8.592108;https://hofladen.info/hofladen/spargel-erdbeeren-springensguth
Biohof Kaemena;Niederblockland 6 2;28357;Bremen;Bremen;Deutschland;53.154428;8.838718;https://hofladen.info/hofladen/biohof-kaemena
Hof Lehnmühle;Hof Lehnmühle 2;55444;Dörrebach;Rheinland-Pfalz;Deutschland;49.941410;7.717690;https://hofladen.info/hofladen/hof-lehnmuhle
Schafshofkäserei Clodramühle;Clodramühle 2;7980;Berga/Elster;Thüringen;Deutschland;50.759594;12.131404;https://hofladen.info/hofladen/schafshofkaserei-clodramuhle
Hof Zorn;An der Ganswiese 1;65321;Heidenrod;Hessen;Deutschland;50.163370;7.919160;https://hofladen.info/hofladen/hof-zorn
Thomahof Brandl;Brandl 4 ;83549 ;Königsdorf;Bayern;Deutschland;47.816392;11.481009;https://hofladen.info/hofladen/thomahof-brandl
Hofladen Melder;Karlsruher Str. 55;76676;Graben-Neudorf;Baden-Württemberg;Deutschland;49.155173;8.482825;https://hofladen.info/hofladen/hofladen-melder
Bullerbeekshoff;Achimer Str. 38;27283;Verden (Aller);Niedersachsen;Deutschland;52.957950;9.226620;https://hofladen.info/hofladen/bullerbeekshoff
Eltersdorfer Hofladen;Weinstraße 30 ;91058 ;Erlangen;Bayern;Deutschland;49.552514;11.000640;https://hofladen.info/hofladen/eltersdorfer-hofladen
Obstproduktion Höhnstedt ;Langenbogener Str. 18 ;6198;Salzatal;Sachsen-Anhalt;Deutschland;51.500630;11.748040;https://hofladen.info/hofladen/obstproduktion-hohnstedt
Hallertauer Ziegenhof;Nandlstädterstr. 37;84104;Tegernbach;Bayern;Deutschland;48.565070;11.810220;https://hofladen.info/hofladen/hallertauer-ziegenhof
Frische Eier;Lichtentann 42;15838;Am Mellensee;Brandenburg;Deutschland;52.172300;13.394240;https://hofladen.info/hofladen/frische-eier
HOF DÖRKES;Stadtfeld 45 St.Hubert-Vösch;47906;Kempen;Nordrhein-Westfalen;Deutschland;51.387804;6.418591;https://hofladen.info/hofladen/hof-dorkes
Ernte mich;Großpösnaer Straße 71;4288;Leipzig;Sachsen;Deutschland;51.277258;12.479925;https://hofladen.info/hofladen/ernte-mich
Silvis Hofladen ;Harbrookweg 3 100 m In den Harbrookweg, direkt von der L76 ab;25494;Borstel Hohenraden;Schleswig-Holstein;Deutschland;53.702189;9.831526;https://hofladen.info/hofladen/silvis-hofladen
Brockenbauer Thielecke ;Schierker Weg 13 ;38875;Tanne;Sachsen-Anhalt;Deutschland;51.698874;10.716382;https://hofladen.info/hofladen/brockenbauer-thielecke
Bauer Lümmel;Hermann-Löns-Weg 5;42781 ;Haan;Nordrhein-Westfalen;Deutschland;51.179950;6.985930;https://hofladen.info/hofladen/bauer-lummel
Trebnitzer Beeren- und Straußenhof ;Birkenweg 6 ;6722;Wetterzeube;Sachsen-Anhalt;Deutschland;50.998480;11.983920;https://hofladen.info/hofladen/trebnitzer-beeren-und-strau%C3%9Fenhof
Thiele's Milchtankstelle;Wehretalstr. 8;37269;Eschwege;Hessen;Deutschland;51.184837;10.004316;https://hofladen.info/hofladen/thiele-s-milchtankstelle
Biolandhof Voigt;Willschütz 13;7619;Schkölen;Thüringen;Deutschland;51.017770;11.821660;https://hofladen.info/hofladen/biolandhof-voigt
Agrargenossenschaft Querfurt ;Ahornstraße 27 ;6268;Querfurt;Sachsen-Anhalt;Deutschland;51.377396;11.614395;https://hofladen.info/hofladen/agrargenossenschaft-querfurt
Heger‘s Hofladen;;;;;;;;https://hofladen.info/hofladen/heger%E2%80%98s-hofladen
Gärtnerei Koblentz;Dorfstraße 14;17309;Koblentz;Mecklenburg-Vorpommern;Deutschland;53.525630;14.135110;https://hofladen.info/hofladen/gartnerei-koblentz
SLädele;Eschendorfer Str. 16;88348;Bad Saulgau;Baden-Württemberg;Deutschland;47.998919;9.435376;https://hofladen.info/hofladen/sladele
Hofladen Wittingen-Darrigsdorf;Darrigsdorf 7;29378;Wittingen;Niedersachsen;Deutschland;52.734028;10.700974;https://hofladen.info/hofladen/hofladen-wittingen-darrigsdorf
Altschulzenhof;Lautertalstr.50;72534;Hayingen-Münzdorf;Baden-Württemberg;Deutschland;48.308300;9.480360;https://hofladen.info/hofladen/altschulzenhof
Biolandhof Kramer ;Hauptstraße 1;27324;Hassel;Niedersachsen;Deutschland;52.784199;9.211924;https://hofladen.info/hofladen/biolandhof-kramer
Röpers Hof;Am Kirchweg 6 ;27383 ;Scheeßel;Niedersachsen;Deutschland;53.128642;9.464701;https://hofladen.info/hofladen/ropers-hof-2
Hühnerhof Steuden ;Neue Straße 3 ;6179;Teutschenthal;Sachsen-Anhalt;Deutschland;51.417740;11.767490;https://hofladen.info/hofladen/huhnerhof-steuden
"Natur Damwild Gehege ""Torfstich"" ";Temps Mühle 2 ;39359;Calvörde;Sachsen-Anhalt;Deutschland;52.396100;11.315410;https://hofladen.info/hofladen/natur-damwild-gehege-torfstich
AGROKLI;Lebuser Chaussee 16;15234;Frankfurt (Oder);Brandenburg;Deutschland;52.372975;14.523226;https://hofladen.info/hofladen/agrokli
Straußenhof Heidekreis;Vierde 4 ;29683 ;Bad Fallingbostel;Niedersachsen;Deutschland;52.883541;9.734521;https://hofladen.info/hofladen/strau%C3%9Fenhof-heidekreis
Reutebachhof Milchschafspezialitäten;Reutebachhof 1;74426;Bühlerzell - Geifertshofen;Baden-Württemberg;Deutschland;49.004423;9.884847;https://hofladen.info/hofladen/reutebachhof-milchschafspezialitaten
Biolandhof Klischewski;Loch 1;91235;Hartenstein;Bayern;Deutschland;49.566800;11.537040;https://hofladen.info/hofladen/biolandhof-klischewski
Hofladen Kirsch;Witzschdorfer Hauptstrasse 14;9437;Gornau;Sachsen;Deutschland;50.774560;13.073450;https://hofladen.info/hofladen/hofladen-kirsch
Biotopia ;Winkel 7 ;6456;Arnstein;Sachsen-Anhalt;Deutschland;51.683330;11.466660;https://hofladen.info/hofladen/biotopia
Alpacahof Altes Pfarrhaus;Große Dorfstr. 20 ;6386;Scheuder;Sachsen-Anhalt;Deutschland;51.768950;12.079810;https://hofladen.info/hofladen/alpacahof-altes-pfarrhaus
Hofkäserei Kremer;Aukenzell 2;93167;Falkenstein;Bayern;Deutschland;49.081880;12.523080;https://hofladen.info/hofladen/hofkaserei-kremer
Hofgemeinschaft Marienhöhe;Marienhöhe 3;15526;Bad Saarow;Brandenburg;Deutschland;52.291480;14.023580;https://hofladen.info/hofladen/hofgemeinschaft-marienhohe
Obsthof Brändlin;Lindenstraße 1;79588;Efringen-Kirchen;Baden-Württemberg;Deutschland;47.672488;7.547778;https://hofladen.info/hofladen/obsthof-brandlin
Claus-Dieter Wejlupek;Blumenlage 32;29683;Bad Fallingbostel;Niedersachsen;Deutschland;52.878520;9.702839;https://hofladen.info/hofladen/claus-dieter-wejlupek
Gärtnerei Hagedorn;Hohe Straße 12;17255;Wesenberg;Mecklenburg-Vorpommern;Deutschland;53.280908;12.969501;https://hofladen.info/hofladen/gartnerei-hagedorn
Tante Hedwig;Wiesenweg 8;18565;Vitte/Hiddensee;Mecklenburg-Vorpommern;Deutschland;54.568050;13.106170;https://hofladen.info/hofladen/tante-hedwig
Landgut Schönwalde;Dorfstraße 31;14621;Schönwalde-Glien;Brandenburg;Deutschland;52.621542;13.126038;https://hofladen.info/hofladen/landgut-schonwalde
Fischhaus-Rosenkranz ;Dessauer Str. 106 ;6366;Köthen;Sachsen-Anhalt;Deutschland;51.764013;11.985700;https://hofladen.info/hofladen/fischhaus-rosenkranz
Gärtnerei Sommerfeld ;Kuhzer Weg 5;17268;Boitzenburger Land;Brandenburg;Deutschland;53.243019;13.645601;https://hofladen.info/hofladen/gartnerei-sommerfeld
Hennehof;Zur Abgunst 40;34388;Trendelburg;Hessen;Deutschland;51.583910;9.435430;https://hofladen.info/hofladen/hennehof
Geflügelhof Burkau;Schulstraße 5 ;01906 ;Burkau;Sachsen;Deutschland;51.179832;14.179376;https://hofladen.info/hofladen/geflugelhof-burkau
Franken-Genuss;Gonnersdorf 6;90556 ;Cadolzburg;Bayern;Deutschland;49.464897;10.820451;https://hofladen.info/hofladen/franken-genuss
Mosterei Kühlmanns Hof;Mühlenstr. 11;38889 ;Blankenburg;Sachsen-Anhalt;Deutschland;51.794233;10.965418;https://hofladen.info/hofladen/mosterei-kuhlmanns-hof
Hof Havelsee;Kaltenhausen 3;14798;Havelsee;Brandenburg;Deutschland;52.416793;12.431438;https://hofladen.info/hofladen/hof-havelsee
Schafskäserei Hof Ahmen;Wacholder Weg 1;24376;Kappeln;Schleswig-Holstein;Deutschland;54.636540;9.954810;https://hofladen.info/hofladen/schafskaserei-hof-ahmen
Westerhäuser Käsehof ;Unter dem Mühlenberg 410 ;6484;Westerhausen;Sachsen-Anhalt;Deutschland;51.802330;11.049962;https://hofladen.info/hofladen/westerhauser-kasehof-2
Wegeners Hof;Leinechaussee 44;31515 ;Wunstorf;Niedersachsen;Deutschland;52.448877;9.458269;https://hofladen.info/hofladen/wegeners-hof
Geflügelhof Föll;Sauserhof 24;71723;Großbottwar;Baden-Württemberg;Deutschland;49.014246;9.308271;https://hofladen.info/hofladen/geflugelhof-foll
Straussenfarm Klein Rosenburg ;Mittelstraße 24 ;39240;Barby;Sachsen-Anhalt;Deutschland;51.927250;11.889530;https://hofladen.info/hofladen/straussenfarm-klein-rosenburg
Kreatoffel;Siegburgerstraße 12;56170 ;Bendorf ;Rheinland-Pfalz;Deutschland;50.423949;7.576227;https://hofladen.info/hofladen/kreatoffel
Bauernho f- Eis Wanner;Hag 2;74424;Bühlertann;Baden-Württemberg;Deutschland;49.042725;9.896560;https://hofladen.info/hofladen/bauernho-f-eis-wanner
Familie Wegner;Schwarzweiler 12;74670;Forchtenberg;Baden-Württemberg;Deutschland;49.270279;9.567786;https://hofladen.info/hofladen/familie-wegner
Mosterei Ketzür;Unter den Linden 11;14778;Beetzseeheide;Brandenburg;Deutschland;52.495370;12.632168;https://hofladen.info/hofladen/mosterei-ketzur
Korn-Hof;Schleifweg 40;74336;Brackenheim-Brotenheim;Baden-Württemberg;Deutschland;49.057476;9.057408;https://hofladen.info/hofladen/korn-hof
Weingut Krebs;Birkenweg 48;79589;Binzen;Baden-Württemberg;Deutschland;47.633940;7.611742;https://hofladen.info/hofladen/weingut-krebs
Obsthof Bahlinger;Weiherweg 5;79588;Efringen-Kirchen;Baden-Württemberg;Deutschland;47.690207;7.539935;https://hofladen.info/hofladen/obsthof-bahlinger
Straußenfarm Helmsdorf;Ziegeleistraße 4;01833 ;Stolpen;Sachsen;Deutschland;51.026682;14.032708;https://hofladen.info/hofladen/strau%C3%9Fenfarm-helmsdorf
Straußenhof Berkenlatten;Berkenlatten 7;17268;Gerswalde;Brandenburg;Deutschland;53.140410;13.758550;https://hofladen.info/hofladen/strau%C3%9Fenhof-berkenlatten
Gut Tornow;Tornower Straße 24;16866;Wusterhausen;Brandenburg;Deutschland;52.956322;12.506369;https://hofladen.info/hofladen/gut-tornow
Tannenburg GbR;Tannenburg 1;74424;Bühlertann;Baden-Württemberg;Deutschland;49.030729;9.927444;https://hofladen.info/hofladen/tannenburg-gbr
Hofladen Landgut Pretschen;Am Landgut 2;15913;Märkische Heide;Brandenburg;Deutschland;52.090390;13.997780;https://hofladen.info/hofladen/hofladen-landgut-pretschen
Spargelhof Walter;Ludwigstr. 50;67161;Gönnheim;Rheinland-Pfalz;Deutschland;49.447905;8.238913;https://hofladen.info/hofladen/spargelhof-walter
Gut Wulfsdorf;Bornskampweg 39;22926;Ahrensburg;Schleswig-Holstein;Deutschland;53.659180;10.192540;https://hofladen.info/hofladen/gut-wulfsdorf
Schafscheune Vietschow;Ringstraße 28;17168;Vietschow;Mecklenburg-Vorpommern;Deutschland;53.904170;12.539860;https://hofladen.info/hofladen/schafscheune-vietschow
Wiesenhof;Wiednitzer Str. 17;2991;Leippe-Torno;Sachsen;Deutschland;51.413890;14.064790;https://hofladen.info/hofladen/wiesenhof
Kurz Bauernhof;Rechentshofer Str. 24;74343;Sachsenheim;Baden-Württemberg;Deutschland;48.992920;9.024789;https://hofladen.info/hofladen/kurz-bauernhof
Seenfischerei Trellert;Fischereiweg 1;17291;Nordwestuckermark;Brandenburg;Deutschland;53.247340;13.773860;https://hofladen.info/hofladen/seenfischerei-trellert
Weingut Gundling;Apfelbacher Straße 3;97980;Bad Mergentheim;Baden-Württemberg;Deutschland;49.470760;9.829530;https://hofladen.info/hofladen/weingut-gundling
Westerhäuser Käsehof;Unter dem Mühlenberg 410;6502;Thale;Sachsen-Anhalt;Deutschland;51.802320;11.049960;https://hofladen.info/hofladen/westerhauser-kasehof
Jambo Straußenfarm;Kreblitzer Straße 3;15926;Luckau;Brandenburg;Deutschland;51.903850;13.689837;https://hofladen.info/hofladen/jambo-strau%C3%9Fenfarm
Ökohof Fläming ;Schopsdorfer Dorfstr. 2;39291;Schopsdorf;Sachsen-Anhalt;Deutschland;52.233601;12.227076;https://hofladen.info/hofladen/okohof-flaming
Hof Ilmeaue;Ilmestraße 5;37586;Dassel;Niedersachsen;Deutschland;51.797993;9.700854;https://hofladen.info/hofladen/hof-ilmeaue
Mühle Zänker ;Dorfstraße 18 ;39288;Burg-Gütter;Sachsen-Anhalt;Deutschland;52.267300;11.908029;https://hofladen.info/hofladen/muhle-zanker
Obst- und Gemüsehof Müller;Große Gaß 11;79576;Weil a. Rh.;Baden-Württemberg;Deutschland;47.615521;7.617894;https://hofladen.info/hofladen/obst-und-gemusehof-muller
Armin Wacker;Bogenstr.5;74599;Wallhausen-Asbach;Baden-Württemberg;Deutschland;49.227280;10.094750;https://hofladen.info/hofladen/armin-wacker
Bauernhof Weggun;Fürstenauer Satraße 29;17291;Nordwestuckermark;Brandenburg;Deutschland;53.323275;13.562787;https://hofladen.info/hofladen/bauernhof-weggun
Hof Stolze Kuh;Weinbergstraße 6a;16248;Lunow;Brandenburg;Deutschland;52.945482;14.100840;https://hofladen.info/hofladen/hof-stolze-kuh
Lunetaler;Taben 3;27616;Beverstedt;Niedersachsen;Deutschland;53.429570;8.846350;https://hofladen.info/hofladen/lunetaler
Hofladen Bißbort;Hochwaldstr. 5;66954;Pirmasens;Rheinland-Pfalz;Deutschland;49.213129;7.537476;https://hofladen.info/hofladen/hofladen-bi%C3%9Fbort
Hofladen;Dorfstraße 1;15345;Altlandsberg;Brandenburg;Deutschland;52.605910;13.807340;https://hofladen.info/hofladen/hofladen
Hofkäserei Moser;Ittendorfer Straße 16;88697;Bermatingen-Ahausen;Baden-Württemberg;Deutschland;47.721177;9.325096;https://hofladen.info/hofladen/hofkaserei-moser
Brennerei Günter Hammel;Landenbacher Str. 1;97996;Niederstetten;Baden-Württemberg;Deutschland;49.421520;9.919145;https://hofladen.info/hofladen/brennerei-gunter-hammel
Hof Cordes;Neubauer Heide 4;27367 ;Sottrum;Niedersachsen;Deutschland;53.106881;9.186892;https://hofladen.info/hofladen/hof-cordes
Ellas Lädchen;Dornburger Str. 26;07778;Neuengönna;Thüringen;Deutschland;50.988593;11.648918;https://hofladen.info/hofladen/ellas-ladchen
Hof Ziegelhütte;Ziegelhütte 1/1;73266;Bissingen;Baden-Württemberg;Deutschland;48.570150;9.527020;https://hofladen.info/hofladen/hof-ziegelhutte
Kräuterwerkstatt;Zum Brunnenbiegel 8;74585;Rot am See;Baden-Württemberg;Deutschland;49.243810;9.969750;https://hofladen.info/hofladen/krauterwerkstatt
Bauckhof Amelinghausen;Triangel 2;21385;Amelinghausen;Niedersachsen;Deutschland;53.133650;10.219770;https://hofladen.info/hofladen/bauckhof-amelinghausen
Kloster Pforta;Saalberge 73;06628;Bad Kösen;Sachsen-Anhalt;Deutschland;51.150990;11.731877;https://hofladen.info/hofladen/kloster-pforta
Hof Brüning;Moorender Str. 32;2885 ;Lilienthal;Bremen;Deutschland;53.192026;8.962496;https://hofladen.info/hofladen/hof-bruning
Weingut Johann August Sack;Bahnhofstraße 30;97922;Lauda-Königshofen;Baden-Württemberg;Deutschland;49.567207;9.706921;https://hofladen.info/hofladen/weingut-johann-august-sack
Reisens Hofladen;Borsteler Dorfstraße 64;273283;Verden (Aller);Niedersachsen;Deutschland;52.920920;9.262390;https://hofladen.info/hofladen/reisens-hofladen
Straußenhof Angermünde;Schmargendorferweg 23;16278;angermünde;Brandenburg;Deutschland;52.996979;13.980293;https://hofladen.info/hofladen/strau%C3%9Fenhof-angermunde
Berbigs Hofladen ;Dorfstr. 7 ;6632;Balgstädt;Sachsen-Anhalt;Deutschland;51.206089;11.687547;https://hofladen.info/hofladen/berbigs-hofladen
Hoflädle Wannenwetsch;Oskar - Bamberg Str. 18;74405;Gaildorf;Baden-Württemberg;Deutschland;48.979560;9.778384;https://hofladen.info/hofladen/hofladle-wannenwetsch
Milchschafhof Brünjes;Ostendorf 51;27432;Bremervörde;Niedersachsen;Deutschland;53.584970;9.148100;https://hofladen.info/hofladen/milchschafhof-brunjes
Gläserne Waldimkerei;Am Wolfsgarten 5;16792;Zehdenick;Brandenburg;Deutschland;52.997494;13.349892;https://hofladen.info/hofladen/glaserne-waldimkerei
Destillerie;Dorfstraße 16;16356;Werneuchen;Brandenburg;Deutschland;52.596499;13.691942;https://hofladen.info/hofladen/destillerie
Ulmenhof;Zwerweg 57;75378;Bad Liebenzell;Baden-Württemberg;Deutschland;48.784440;8.719440;https://hofladen.info/hofladen/ulmenhof
Hof Tangsehl;Tangsehl 2;21369;Nahrendorf;Niedersachsen;Deutschland;53.175030;10.880750;https://hofladen.info/hofladen/hof-tangsehl
Hof Höcker;Hohner Mark 39;49525;Lengerich;Nordrhein-Westfalen;Deutschland;52.149780;7.866130;https://hofladen.info/hofladen/hof-hocker
Weingut Walz;Seehau 1;71665 ;Vaihingen/Enz;Baden-Württemberg;Deutschland;48.974644;8.940684;https://hofladen.info/hofladen/weingut-walz
Erdbeer-& Spargelhof Böser;Kurze Allee 1;76694/Baden;Forst;Baden-Württemberg;Deutschland;49.141286;8.576110;https://hofladen.info/hofladen/erdbeer-spargelhof-boser
Wildhof Müncheberg;Florastraße 21;15374;Müncheberg;Brandenburg;Deutschland;52.505095;14.115982;https://hofladen.info/hofladen/wildhof-muncheberg
Auleber Obstmanufaktur ;Gneisenaustr. 20 ;39393;Hötensleben;Sachsen-Anhalt;Deutschland;52.122660;11.017510;https://hofladen.info/hofladen/auleber-obstmanufaktur
Agrar GmbH Kraatz;Buberower Weg 10;16775;Gransee;Brandenburg;Deutschland;52.973950;13.187977;https://hofladen.info/hofladen/agrar-gmbh-kraatz
Wild & Taste;Neudessauer Straße 12;14715;Milower Land;Brandenburg;Deutschland;52.511980;12.304400;https://hofladen.info/hofladen/wild-taste
Kellerwaldhof;Heideweg 1;34596;Bad Zwesten;Hessen;Deutschland;51.029310;9.162170;https://hofladen.info/hofladen/kellerwaldhof
Harkopfs Hofladen;Rodenberger Straße 20;31655;Stadthagen;Niedersachsen;Deutschland;52.315677;9.237331;https://hofladen.info/hofladen/harkopfs-hofladen
Rosenhof;Rosenbühl 21;74424;Bühlertann;Baden-Württemberg;Deutschland;49.038540;9.908920;https://hofladen.info/hofladen/rosenhof
Hofladen Bergland;Hauptstraße 13;9623;Rechenberg-Bienenmühle;Sachsen;Deutschland;50.748196;13.493650;https://hofladen.info/hofladen/hofladen-bergland
Spargelhof Kiefer;Schmachtenhagener Straße 11;16515;Oranienburg;Brandenburg;Deutschland;52.779031;13.358958;https://hofladen.info/hofladen/spargelhof-kiefer
Hausler Hof;Garchinger Weg 72;85399;Hallbergmoos;Bayern;Deutschland;48.290416;11.720592;https://hofladen.info/hofladen/hausler-hof
Bauer Schulze;Görziger Strasse 67;15848;Rietz-Neuendorf;Brandenburg;Deutschland;52.239282;14.202014;https://hofladen.info/hofladen/bauer-schulze
Erdbeer & Kartoffelhof Wendenborstel;Alte Dorfstraße 1;31634 ;Steimbke;Niedersachsen;Deutschland;52.646558;9.441532;https://hofladen.info/hofladen/erdbeer-kartoffelhof-wendenborstel
Schluchters Weinstube;Ruländerweg 3;74629;Pfedelbach;Baden-Württemberg;Deutschland;49.170958;9.527179;https://hofladen.info/hofladen/schluchters-weinstube
Biohof Stürmer;Ortsstraße 17;90574 ;Roßtal;Bayern;Deutschland;49.362860;10.908416;https://hofladen.info/hofladen/biohof-sturmer
Risstalimker Maier Bioland;Grotteweg 1;88433;Schemmerhofen;Baden-Württemberg;Deutschland;48.176402;9.796562;https://hofladen.info/hofladen/risstalimker-maier-bioland
Hof EmsAuen;Im Brook 5;26899;Rhede;Niedersachsen;Deutschland;53.073500;7.302710;https://hofladen.info/hofladen/hof-emsauen
